{
   "magnitude" : "5.0",
   "dataType" : 0,
   "tsunami" : 2,
   "points" : [
      {
         "lat" : 41.7687,
         "pointName" : "",
         "lon" : 139.88318,
         "rank" : "-",
         "code" : ""
      },
      {
         "lat" : 45.41568,
         "pointName" : "",
         "lon" : 145.18964,
         "rank" : "-",
         "code" : ""
      }
   ],
   "spot" : {
      "lat" : 44.8,
      "name" : "上川地方北部",
      "lon" : 142.1,
      "depth" : "約10km",
      "code" : "125"
   },
   "maxRank" : "4",
   "text" : "念のため津波情報に注意してください。\n\n【震度4】\n道北\n\n【震度2】\n道央、道東\n\n【震度1】\n道南\n",
   "prefs" : [
      {
         "lat" : 0,
         "pointName" : "道北",
         "lon" : 0,
         "rank" : "4",
         "code" : "douhoku"
      },
      {
         "lat" : 0,
         "pointName" : "道央",
         "lon" : 0,
         "rank" : "2",
         "code" : "douou"
      },
      {
         "lat" : 0,
         "pointName" : "道東",
         "lon" : 0,
         "rank" : "2",
         "code" : "doutou"
      },
      {
         "lat" : 0,
         "pointName" : "道南",
         "lon" : 0,
         "rank" : "1",
         "code" : "dounan"
      }
   ],
   "quakeID" : "20220811003522",
   "title" : "緊急地震速報",
   "cities" : [],
   "areas" : [],
   "quakeTime" : 1660145719
}
