{
    "magnitude": "",
    "event_id": "20220811005302",
    "max_shindo": "S5+",
    "lat": "",
    "img_id": "",
    "S5+": {
        "pref": [
            {
                "uid_list": [
                    {
                        "uid": "",
                        "name": "上川地方北部"
                    }
                ],
                "name": "北海道"
            }
        ],
        "label": "震度５強"
    },
    "forecast_comment": "",
    "text": "１１日００時５３分ころ、地震による強い揺れを感じました。震度３以上が観測された地域をお知らせします。",
    "hypocenter": {
        "name": "",
        "code": ""
    },
    "event_date": "2022-08-11T00:53:00+09:00",
    "magnitude_prefix": "",
    "depth": "",
    "S4": {
        "pref": [
            {
                "uid_list": [
                    {
                        "uid": "",
                        "name": "留萌地方中北部"
                    },
                    {
                        "uid": "",
                        "name": "宗谷地方北部"
                    }
                ],
                "name": "北海道"
            }
        ],
        "label": "震度４"
    },
    "hypocenter_hojyo": "",
    "sokuho": "1",
    "lon": "",
    "reported_date": "2022-08-11T00:54:00+09:00",
    "S3": {
        "pref": [
            {
                "uid_list": [
                    {
                        "uid": "",
                        "name": "宗谷地方南部"
                    }
                ],
                "name": "北海道"
            }
        ],
        "label": "震度３"
    }
}