{"magnitude":"5.1","S1":{"pref":[{"uid_list":[{"uid":"01203000120300","name":"小樽市"},{"uid":"01559000155900","name":"湧別町"},{"uid":"01517000151700","name":"礼文町"},{"uid":"01220000122000","name":"士別市"},{"uid":"01519000151900","name":"利尻富士町"},{"uid":"01518000151800","name":"利尻町"},{"uid":"01481000148100","name":"増毛町"},{"uid":"01464000146400","name":"和寒町"},{"uid":"01484020148400","name":"羽幌町天売焼尻"},{"uid":"01212000121200","name":"留萌市"},{"uid":"01563000156300","name":"雄武町"},{"uid":"01482000148200","name":"小平町"},{"uid":"01219000121900","name":"紋別市"}],"name":"北海道"}],"label":"震度１"},"event_id":"20220811003522","max_shindo":"S5-","lat":"44.9","img_id":"","forecast_comment":"この地震による津波の心配はありません","S2":{"pref":[{"uid_list":[{"uid":"01561000156100","name":"興部町"},{"uid":"01513000151300","name":"中頓別町"},{"uid":"01221000122100","name":"名寄市"},{"uid":"01484010148400","name":"羽幌町"},{"uid":"01514000151400","name":"枝幸町"},{"uid":"01511000151100","name":"猿払村"},{"uid":"01485000148500","name":"初山別村"},{"uid":"01512000151200","name":"浜頓別町"},{"uid":"01472000147200","name":"幌加内町"},{"uid":"01483000148300","name":"苫前町"},{"uid":"01469000146900","name":"美深町"},{"uid":"01465000146500","name":"剣淵町"},{"uid":"01214000121400","name":"稚内市"}],"name":"北海道"}],"label":"震度２"},"text":"１１日００時３５分ころ、地震がありました。","S5-":{"pref":[{"uid_list":[{"uid":"01471000147100","name":"中川町"}],"name":"北海道"}],"label":"震度５弱"},"hypocenter":{"name":"宗谷地方北部","code":"135"},"event_date":"2022-08-11T00:35:00+09:00","magnitude_prefix":"Ｍ","depth":"10","hypocenter_hojyo":"","sokuho":"0","lon":"142.1","reported_date":"2022-08-11T00:38:00+09:00","S3":{"pref":[{"uid_list":[{"uid":"01470000147000","name":"音威子府村"},{"uid":"01520000152000","name":"幌延町"},{"uid":"01487000148700","name":"天塩町"},{"uid":"01516000151600","name":"豊富町"},{"uid":"01486000148600","name":"遠別町"}],"name":"北海道"}],"label":"震度３"}}