{
   "dataType" : 2,
   "tsunami" : 2,
   "points" : [],
   "maxRank" : "5+",
   "text" : "念のため津波情報に注意してください。\n\n【震度5強・北海道】\n上川地方北部\n\n【震度4・北海道】\n留萌地方中北部\n宗谷地方北部\n\n【震度3・北海道】\n宗谷地方南部",
   "quakeID" : "20220811005302",
   "title" : "震度速報",
   "quakeTime" : 1660146780,
   "areas" : [
      {
         "lat" : 44.25,
         "pointName" : "上川地方北部",
         "lon" : 142.5,
         "rank" : "5+",
         "code" : "125"
      },
      {
         "lat" : 44.5,
         "pointName" : "留萌地方中北部",
         "lon" : 141.83333,
         "rank" : "4",
         "code" : "130"
      },
      {
         "lat" : 45.25,
         "pointName" : "宗谷地方北部",
         "lon" : 141.83333,
         "rank" : "4",
         "code" : "135"
      },
      {
         "lat" : 44.91667,
         "pointName" : "宗谷地方南部",
         "lon" : 142.41667,
         "rank" : "3",
         "code" : "136"
      }
   ],
   "cities" : []
}
