{
   "magnitude" : "5.2",
   "dataType" : 0,
   "tsunami" : 2,
   "points" : [
      {
         "lat" : 32.46653,
         "pointName" : "",
         "lon" : 135.12643,
         "rank" : "-",
         "code" : ""
      },
      {
         "lat" : 39.72013,
         "pointName" : "",
         "lon" : 141.63667,
         "rank" : "-",
         "code" : ""
      }
   ],
   "spot" : {
      "lat" : 35.6,
      "name" : "千葉県北西部",
      "lon" : 140.2,
      "depth" : "約60km",
      "code" : "341"
   },
   "maxRank" : "4",
   "text" : "念のため津波情報に注意してください。\n\n【震度4】\n千葉\n\n【震度3】\n茨城、栃木、群馬、埼玉、東京、神奈川、山梨\n\n【震度2】\n宮城、福島、伊豆諸島、新潟、長野、静岡、愛知\n\n【震度1】\n岩手、秋田、山形、富山、石川、福井、岐阜、三重、滋賀、京都、大阪、奈良、和歌山\n",
   "prefs" : [
      {
         "lat" : 0,
         "pointName" : "岩手",
         "lon" : 0,
         "rank" : "1",
         "code" : "iwate"
      },
      {
         "lat" : 0,
         "pointName" : "宮城",
         "lon" : 0,
         "rank" : "2",
         "code" : "miyagi"
      },
      {
         "lat" : 0,
         "pointName" : "秋田",
         "lon" : 0,
         "rank" : "1",
         "code" : "akita"
      },
      {
         "lat" : 0,
         "pointName" : "山形",
         "lon" : 0,
         "rank" : "1",
         "code" : "yamagata"
      },
      {
         "lat" : 0,
         "pointName" : "福島",
         "lon" : 0,
         "rank" : "2",
         "code" : "fukushima"
      },
      {
         "lat" : 0,
         "pointName" : "茨城",
         "lon" : 0,
         "rank" : "3",
         "code" : "ibaraki"
      },
      {
         "lat" : 0,
         "pointName" : "栃木",
         "lon" : 0,
         "rank" : "3",
         "code" : "tochigi"
      },
      {
         "lat" : 0,
         "pointName" : "群馬",
         "lon" : 0,
         "rank" : "3",
         "code" : "gunma"
      },
      {
         "lat" : 0,
         "pointName" : "埼玉",
         "lon" : 0,
         "rank" : "3",
         "code" : "saitama"
      },
      {
         "lat" : 0,
         "pointName" : "千葉",
         "lon" : 0,
         "rank" : "4",
         "code" : "chiba"
      },
      {
         "lat" : 0,
         "pointName" : "東京",
         "lon" : 0,
         "rank" : "3",
         "code" : "tokyo"
      },
      {
         "lat" : 0,
         "pointName" : "神奈川",
         "lon" : 0,
         "rank" : "3",
         "code" : "kanagawa"
      },
      {
         "lat" : 0,
         "pointName" : "伊豆諸島",
         "lon" : 0,
         "rank" : "2",
         "code" : "izu"
      },
      {
         "lat" : 0,
         "pointName" : "新潟",
         "lon" : 0,
         "rank" : "2",
         "code" : "niigata"
      },
      {
         "lat" : 0,
         "pointName" : "長野",
         "lon" : 0,
         "rank" : "2",
         "code" : "nagano"
      },
      {
         "lat" : 0,
         "pointName" : "山梨",
         "lon" : 0,
         "rank" : "3",
         "code" : "yamanashi"
      },
      {
         "lat" : 0,
         "pointName" : "富山",
         "lon" : 0,
         "rank" : "1",
         "code" : "toyama"
      },
      {
         "lat" : 0,
         "pointName" : "石川",
         "lon" : 0,
         "rank" : "1",
         "code" : "ishikawa"
      },
      {
         "lat" : 0,
         "pointName" : "福井",
         "lon" : 0,
         "rank" : "1",
         "code" : "fukui"
      },
      {
         "lat" : 0,
         "pointName" : "岐阜",
         "lon" : 0,
         "rank" : "1",
         "code" : "gifu"
      },
      {
         "lat" : 0,
         "pointName" : "静岡",
         "lon" : 0,
         "rank" : "2",
         "code" : "shizuoka"
      },
      {
         "lat" : 0,
         "pointName" : "愛知",
         "lon" : 0,
         "rank" : "2",
         "code" : "aichi"
      },
      {
         "lat" : 0,
         "pointName" : "三重",
         "lon" : 0,
         "rank" : "1",
         "code" : "mie"
      },
      {
         "lat" : 0,
         "pointName" : "滋賀",
         "lon" : 0,
         "rank" : "1",
         "code" : "shiga"
      },
      {
         "lat" : 0,
         "pointName" : "京都",
         "lon" : 0,
         "rank" : "1",
         "code" : "kyoto"
      },
      {
         "lat" : 0,
         "pointName" : "大阪",
         "lon" : 0,
         "rank" : "1",
         "code" : "osaka"
      },
      {
         "lat" : 0,
         "pointName" : "奈良",
         "lon" : 0,
         "rank" : "1",
         "code" : "nara"
      },
      {
         "lat" : 0,
         "pointName" : "和歌山",
         "lon" : 0,
         "rank" : "1",
         "code" : "wakayama"
      }
   ],
   "quakeID" : "20221103190442",
   "title" : "緊急地震速報",
   "cities" : [],
   "areas" : [],
   "quakeTime" : 1667469873
}
