{
    "Head": {
        "Title": "緊急地震速報（予報）",
        "DateTime": "2021-09-01T20:35:03+09:00",
        "EditorialOffice": "気象庁本庁",
        "PublishingOffice": "気象庁",
        "EventID": "20210901203500",
        "Status": "参考",
        "Serial": "2",
        "Version": "1.1"
    },
    "Body": {
        "Earthquake": {
            "OriginTime": "2021-09-01T20:35:00+09:00",
            "Hypocenter": {
                "Name": "茨城県南部",
                "Code": "301",
                "Lat": "+36.0",
                "Lon": "+140.0",
                "Depth": "50",
                "LandOrSea": "海域"
            },
            "Accuracy": {
                "Epicenter": [
                    "3",
                    "0"
                ],
                "Depth": "3",
                "MagnitudeCalculation": "4",
                "NumberOfMagnitudeCalculation": "0"
            },
            "Magnitude": "8.0"
        },
        "Intensity": {
            "MaxInt": "7",
            "TextInt": "震度７程度",
            "ForecastInt": {
                "From": "7",
                "To": "7"
            },
            "Appendix": {
                "MaxIntChange": "0",
                "MaxIntChangeReason": "0"
            },
            "Areas": [
                {
                    "Name": "愛知県西部",
                    "Code": "451",
                    "Kind": {
                        "Name": "緊急地震速報（予報）",
                        "Code": "00"
                    },
                    "TextInt": "震度４程度以上",
                    "MaxInt": "4",
                    "ForecastInt": {
                        "From": "4",
                        "To": "over"
                    },
                    "ArrivalTime": "2021-09-20T20:35:30+09:00"
                },
                {
                    "Name": "岐阜県美濃東部",
                    "Code": "431",
                    "Kind": {
                        "Name": "緊急地震速報（予報）",
                        "Code": "00"
                    },
                    "TextInt": "震度４程度以上",
                    "MaxInt": "4",
                    "ForecastInt": {
                        "From": "4",
                        "To": "over"
                    },
                    "ArrivalTime": "2021-09-20T20:35:30+09:00"
                },
                {
                    "Name": "三重県南部",
                    "Code": "462",
                    "Kind": {
                        "Name": "緊急地震速報（予報）",
                        "Code": "00"
                    },
                    "TextInt": "震度４程度以上",
                    "MaxInt": "4",
                    "ForecastInt": {
                        "From": "4",
                        "To": "over"
                    },
                    "ArrivalTime": "2021-09-20T20:35:30+09:00"
                },
                {
                    "Name": "新潟県上越",
                    "Code": "370",
                    "Kind": {
                        "Name": "緊急地震速報（予報）",
                        "Code": "00"
                    },
                    "TextInt": "震度５弱程度以上",
                    "MaxInt": "5-",
                    "ForecastInt": {
                        "From": "5-",
                        "To": "over"
                    },
                    "ArrivalTime": "2021-09-20T20:35:30+09:00"
                },
                {
                    "Name": "富山県東部",
                    "Code": "380",
                    "Kind": {
                        "Name": "緊急地震速報（予報）",
                        "Code": "00"
                    },
                    "TextInt": "震度４程度以上",
                    "MaxInt": "4",
                    "ForecastInt": {
                        "From": "4",
                        "To": "over"
                    },
                    "ArrivalTime": "2021-09-20T20:35:30+09:00"
                },
                {
                    "Name": "石川県加賀",
                    "Code": "391",
                    "Kind": {
                        "Name": "緊急地震速報（予報）",
                        "Code": "00"
                    },
                    "TextInt": "震度４程度以上",
                    "MaxInt": "4",
                    "ForecastInt": {
                        "From": "4",
                        "To": "over"
                    },
                    "ArrivalTime": "2021-09-20T20:35:30+09:00"
                },
                {
                    "Name": "福井県嶺南",
                    "Code": "401",
                    "Kind": {
                        "Name": "緊急地震速報（予報）",
                        "Code": "00"
                    },
                    "TextInt": "震度４程度以上",
                    "MaxInt": "4",
                    "ForecastInt": {
                        "From": "4",
                        "To": "over"
                    },
                    "ArrivalTime": "2021-09-20T20:35:30+09:00"
                },
                {
                    "Name": "滋賀県南部",
                    "Code": "501",
                    "Kind": {
                        "Name": "緊急地震速報（予報）",
                        "Code": "00"
                    },
                    "TextInt": "震度４程度以上",
                    "MaxInt": "4",
                    "ForecastInt": {
                        "From": "4",
                        "To": "over"
                    },
                    "ArrivalTime": "2021-09-20T20:35:30+09:00"
                },
                {
                    "Name": "秋田県沿岸北部",
                    "Code": "230",
                    "Kind": {
                        "Name": "緊急地震速報（予報）",
                        "Code": "00"
                    },
                    "TextInt": "震度４程度",
                    "MaxInt": "4",
                    "ForecastInt": {
                        "From": "4",
                        "To": "4"
                    },
                    "ArrivalTime": "2021-09-20T20:35:30+09:00"
                },
                {
                    "Name": "宮城県北部",
                    "Code": "220",
                    "Kind": {
                        "Name": "緊急地震速報（予報）",
                        "Code": "00"
                    },
                    "TextInt": "震度４程度",
                    "MaxInt": "4",
                    "ForecastInt": {
                        "From": "4",
                        "To": "4"
                    },
                    "ArrivalTime": "2021-09-20T20:35:30+09:00"
                },
                {
                    "Name": "山形県最上",
                    "Code": "241",
                    "Kind": {
                        "Name": "緊急地震速報（予報）",
                        "Code": "00"
                    },
                    "TextInt": "震度４程度",
                    "MaxInt": "4",
                    "ForecastInt": {
                        "From": "4",
                        "To": "4"
                    },
                    "ArrivalTime": "2021-09-20T20:35:30+09:00"
                },
                {
                    "Name": "福島県浜通り",
                    "Code": "251",
                    "Kind": {
                        "Name": "緊急地震速報（予報）",
                        "Code": "00"
                    },
                    "TextInt": "震度５弱程度",
                    "MaxInt": "5-",
                    "ForecastInt": {
                        "From": "5-",
                        "To": "5-"
                    },
                    "ArrivalTime": "2021-09-20T20:35:30+09:00"
                },
                {
                    "Name": "茨城県南部",
                    "Code": "301",
                    "Kind": {
                        "Name": "緊急地震速報（予報）",
                        "Code": "00"
                    },
                    "TextInt": "震度６強程度",
                    "MaxInt": "6+",
                    "ForecastInt": {
                        "From": "6+",
                        "To": "6+"
                    },
                    "ArrivalTime": "2021-09-20T20:35:30+09:00"
                },
                {
                    "Name": "栃木県南部",
                    "Code": "311",
                    "Kind": {
                        "Name": "緊急地震速報（予報）",
                        "Code": "00"
                    },
                    "TextInt": "震度６強程度",
                    "MaxInt": "6+",
                    "ForecastInt": {
                        "From": "6+",
                        "To": "6+"
                    },
                    "ArrivalTime": "2021-09-20T20:35:30+09:00"
                },
                {
                    "Name": "群馬県南部",
                    "Code": "321",
                    "Kind": {
                        "Name": "緊急地震速報（予報）",
                        "Code": "00"
                    },
                    "TextInt": "震度６弱程度",
                    "MaxInt": "6-",
                    "ForecastInt": {
                        "From": "6-",
                        "To": "6-"
                    },
                    "ArrivalTime": "2021-09-20T20:35:30+09:00"
                },
                {
                    "Name": "埼玉県南部",
                    "Code": "331",
                    "Kind": {
                        "Name": "緊急地震速報（予報）",
                        "Code": "00"
                    },
                    "TextInt": "震度７程度",
                    "MaxInt": "7",
                    "ForecastInt": {
                        "From": "7",
                        "To": "7"
                    },
                    "ArrivalTime": "2021-09-20T20:35:30+09:00"
                },
                {
                    "Name": "東京都２３区",
                    "Code": "350",
                    "Kind": {
                        "Name": "緊急地震速報（予報）",
                        "Code": "00"
                    },
                    "TextInt": "震度７程度",
                    "MaxInt": "7",
                    "ForecastInt": {
                        "From": "7",
                        "To": "7"
                    },
                    "ArrivalTime": "2021-09-20T20:35:30+09:00"
                },
                {
                    "Name": "伊豆大島",
                    "Code": "355",
                    "Kind": {
                        "Name": "緊急地震速報（予報）",
                        "Code": "00"
                    },
                    "TextInt": "震度５強程度以上",
                    "MaxInt": "5+",
                    "ForecastInt": {
                        "From": "5+",
                        "To": "over"
                    },
                    "ArrivalTime": "2021-09-20T20:35:30+09:00"
                },
                {
                    "Name": "千葉県北東部",
                    "Code": "340",
                    "Kind": {
                        "Name": "緊急地震速報（予報）",
                        "Code": "00"
                    },
                    "TextInt": "震度７程度",
                    "MaxInt": "7",
                    "ForecastInt": {
                        "From": "7",
                        "To": "7"
                    },
                    "ArrivalTime": "2021-09-20T20:35:30+09:00"
                },
                {
                    "Name": "神奈川県東部",
                    "Code": "360",
                    "Kind": {
                        "Name": "緊急地震速報（予報）",
                        "Code": "00"
                    },
                    "TextInt": "震度６強程度",
                    "MaxInt": "6+",
                    "ForecastInt": {
                        "From": "6+",
                        "To": "6+"
                    },
                    "ArrivalTime": "2021-09-20T20:35:30+09:00"
                },
                {
                    "Name": "長野県北部",
                    "Code": "420",
                    "Kind": {
                        "Name": "緊急地震速報（予報）",
                        "Code": "00"
                    },
                    "TextInt": "震度５弱程度",
                    "MaxInt": "5-",
                    "ForecastInt": {
                        "From": "5-",
                        "To": "5-"
                    },
                    "ArrivalTime": "2021-09-20T20:35:30+09:00"
                },
                {
                    "Name": "山梨県東部・富士五湖",
                    "Code": "412",
                    "Kind": {
                        "Name": "緊急地震速報（予報）",
                        "Code": "00"
                    },
                    "TextInt": "震度６弱程度",
                    "MaxInt": "6-",
                    "ForecastInt": {
                        "From": "6-",
                        "To": "6-"
                    },
                    "ArrivalTime": "2021-09-20T20:35:30+09:00"
                },
                {
                    "Name": "静岡県伊豆",
                    "Code": "440",
                    "Kind": {
                        "Name": "緊急地震速報（予報）",
                        "Code": "00"
                    },
                    "TextInt": "震度６弱程度以上",
                    "MaxInt": "6-",
                    "ForecastInt": {
                        "From": "6-",
                        "To": "over"
                    },
                    "ArrivalTime": "2021-09-20T20:35:30+09:00"
                }
            ]
        },
        "PLUMFlag": "0",
        "WarningFlag": "/",
        "EndFlag": "0"
    }
}