{"datas":[{"font":{"actualBoundingBoxAscent":35.400001525878906,"actualBoundingBoxDescent":0.5499992370605469,"actualBoundingBoxLeft":-0.8999999761581421,"actualBoundingBoxRight":23.100000381469727,"fontBoundingBoxAscent":48,"fontBoundingBoxDescent":11,"width":24},"position":{"x":4,"y":49}},{"font":{"actualBoundingBoxAscent":35.400001525878906,"actualBoundingBoxDescent":0,"actualBoundingBoxLeft":-2.049999952316284,"actualBoundingBoxRight":16.30000114440918,"fontBoundingBoxAscent":48,"fontBoundingBoxDescent":11,"width":24},"position":{"x":30,"y":49}},{"font":{"actualBoundingBoxAscent":35.400001525878906,"actualBoundingBoxDescent":0,"actualBoundingBoxLeft":-0.8999999761581421,"actualBoundingBoxRight":22.700000762939453,"fontBoundingBoxAscent":48,"fontBoundingBoxDescent":11,"width":24},"position":{"x":48,"y":49}},{"font":{"actualBoundingBoxAscent":35.400001525878906,"actualBoundingBoxDescent":0.5499992370605469,"actualBoundingBoxLeft":-1,"actualBoundingBoxRight":23,"fontBoundingBoxAscent":48,"fontBoundingBoxDescent":11,"width":24},"position":{"x":73,"y":49}},{"font":{"actualBoundingBoxAscent":35.400001525878906,"actualBoundingBoxDescent":0,"actualBoundingBoxLeft":-0.7000000476837158,"actualBoundingBoxRight":23.299999237060547,"fontBoundingBoxAscent":48,"fontBoundingBoxDescent":11,"width":24},"position":{"x":98,"y":49}},{"font":{"actualBoundingBoxAscent":34.70000076293945,"actualBoundingBoxDescent":0.5499992370605469,"actualBoundingBoxLeft":-0.8999999761581421,"actualBoundingBoxRight":22.700000762939453,"fontBoundingBoxAscent":48,"fontBoundingBoxDescent":11,"width":24},"position":{"x":124,"y":49}},{"font":{"actualBoundingBoxAscent":35.400001525878906,"actualBoundingBoxDescent":0.5499992370605469,"actualBoundingBoxLeft":-0.7000000476837158,"actualBoundingBoxRight":23.299999237060547,"fontBoundingBoxAscent":48,"fontBoundingBoxDescent":11,"width":24},"position":{"x":149,"y":49}},{"font":{"actualBoundingBoxAscent":34.70000076293945,"actualBoundingBoxDescent":0,"actualBoundingBoxLeft":-1.100000023841858,"actualBoundingBoxRight":22.899999618530273,"fontBoundingBoxAscent":48,"fontBoundingBoxDescent":11,"width":24},"position":{"x":175,"y":49}},{"font":{"actualBoundingBoxAscent":35.400001525878906,"actualBoundingBoxDescent":0.5499992370605469,"actualBoundingBoxLeft":-0.7000000476837158,"actualBoundingBoxRight":23.299999237060547,"fontBoundingBoxAscent":48,"fontBoundingBoxDescent":11,"width":24},"position":{"x":200,"y":49}},{"font":{"actualBoundingBoxAscent":35.400001525878906,"actualBoundingBoxDescent":0.5499992370605469,"actualBoundingBoxLeft":-0.7000000476837158,"actualBoundingBoxRight":23.299999237060547,"fontBoundingBoxAscent":48,"fontBoundingBoxDescent":11,"width":24},"position":{"x":226,"y":49}},{"font":{"actualBoundingBoxAscent":7.800000190734863,"actualBoundingBoxDescent":0,"actualBoundingBoxLeft":-2.700000047683716,"actualBoundingBoxRight":9.300000190734863,"fontBoundingBoxAscent":48,"fontBoundingBoxDescent":11,"width":12},"position":{"x":252,"y":49}},{"font":{"actualBoundingBoxAscent":7.800000190734863,"actualBoundingBoxDescent":8.100000381469727,"actualBoundingBoxLeft":-2.700000047683716,"actualBoundingBoxRight":9.300000190734863,"fontBoundingBoxAscent":48,"fontBoundingBoxDescent":11,"width":12},"position":{"x":262,"y":49}},{"font":{"actualBoundingBoxAscent":27.599998474121094,"actualBoundingBoxDescent":0.5499992370605469,"actualBoundingBoxLeft":-1.4000000953674316,"actualBoundingBoxRight":22.30000114440918,"fontBoundingBoxAscent":48,"fontBoundingBoxDescent":11,"width":24.04998779296875},"position":{"x":272,"y":49}},{"font":{"actualBoundingBoxAscent":35.70000076293945,"actualBoundingBoxDescent":0.5499992370605469,"actualBoundingBoxLeft":-2.299999952316284,"actualBoundingBoxRight":23.350000381469727,"fontBoundingBoxAscent":48,"fontBoundingBoxDescent":11,"width":25},"position":{"x":296,"y":49}},{"font":{"actualBoundingBoxAscent":27.599998474121094,"actualBoundingBoxDescent":0.5499992370605469,"actualBoundingBoxLeft":-1.3000000715255737,"actualBoundingBoxRight":21.850000381469727,"fontBoundingBoxAscent":48,"fontBoundingBoxDescent":11,"width":23.149993896484375},"position":{"x":321,"y":49}},{"font":{"actualBoundingBoxAscent":35.70000076293945,"actualBoundingBoxDescent":0.5499992370605469,"actualBoundingBoxLeft":-1.649999976158142,"actualBoundingBoxRight":22.700000762939453,"fontBoundingBoxAscent":48,"fontBoundingBoxDescent":11,"width":25},"position":{"x":345,"y":49}},{"font":{"actualBoundingBoxAscent":27.599998474121094,"actualBoundingBoxDescent":0.5499992370605469,"actualBoundingBoxLeft":-1.3000000715255737,"actualBoundingBoxRight":21.850000381469727,"fontBoundingBoxAscent":48,"fontBoundingBoxDescent":11,"width":23.149993896484375},"position":{"x":370,"y":49}},{"font":{"actualBoundingBoxAscent":36.39999771118164,"actualBoundingBoxDescent":0,"actualBoundingBoxLeft":-0.30000001192092896,"actualBoundingBoxRight":14.699999809265137,"fontBoundingBoxAscent":48,"fontBoundingBoxDescent":11,"width":14.79998779296875},"position":{"x":394,"y":49}},{"font":{"actualBoundingBoxAscent":27.599998474121094,"actualBoundingBoxDescent":9.049999237060547,"actualBoundingBoxLeft":-1.75,"actualBoundingBoxRight":22.450000762939453,"fontBoundingBoxAscent":48,"fontBoundingBoxDescent":11,"width":25},"position":{"x":412,"y":49}},{"font":{"actualBoundingBoxAscent":35.70000076293945,"actualBoundingBoxDescent":0,"actualBoundingBoxLeft":-2.299999952316284,"actualBoundingBoxRight":22.700000762939453,"fontBoundingBoxAscent":48,"fontBoundingBoxDescent":11,"width":25},"position":{"x":436,"y":49}},{"font":{"actualBoundingBoxAscent":36.099998474121094,"actualBoundingBoxDescent":0,"actualBoundingBoxLeft":-2.549999952316284,"actualBoundingBoxRight":9.449999809265137,"fontBoundingBoxAscent":48,"fontBoundingBoxDescent":11,"width":12},"position":{"x":460,"y":49}},{"font":{"actualBoundingBoxAscent":36.099998474121094,"actualBoundingBoxDescent":8.650001525878906,"actualBoundingBoxLeft":1.100000023841858,"actualBoundingBoxRight":9.449999809265137,"fontBoundingBoxAscent":48,"fontBoundingBoxDescent":11,"width":12},"position":{"x":470,"y":49}},{"font":{"actualBoundingBoxAscent":35.70000076293945,"actualBoundingBoxDescent":0,"actualBoundingBoxLeft":-2.549999952316284,"actualBoundingBoxRight":25.25,"fontBoundingBoxAscent":48,"fontBoundingBoxDescent":11,"width":25},"position":{"x":484,"y":49}},{"font":{"actualBoundingBoxAscent":35.70000076293945,"actualBoundingBoxDescent":0,"actualBoundingBoxLeft":-2.549999952316284,"actualBoundingBoxRight":9.449999809265137,"fontBoundingBoxAscent":48,"fontBoundingBoxDescent":11,"width":12},"position":{"x":510,"y":49}},{"font":{"actualBoundingBoxAscent":27.599998474121094,"actualBoundingBoxDescent":0,"actualBoundingBoxLeft":-2.299999952316284,"actualBoundingBoxRight":35.60000228881836,"fontBoundingBoxAscent":48,"fontBoundingBoxDescent":11,"width":37.899993896484375},"position":{"x":520,"y":49}},{"font":{"actualBoundingBoxAscent":27.599998474121094,"actualBoundingBoxDescent":0,"actualBoundingBoxLeft":-2.299999952316284,"actualBoundingBoxRight":22.700000762939453,"fontBoundingBoxAscent":48,"fontBoundingBoxDescent":11,"width":25},"position":{"x":557,"y":49}},{"font":{"actualBoundingBoxAscent":27.64999771118164,"actualBoundingBoxDescent":0.6000003814697266,"actualBoundingBoxLeft":-1.4000000953674316,"actualBoundingBoxRight":22.600000381469727,"fontBoundingBoxAscent":48,"fontBoundingBoxDescent":11,"width":24},"position":{"x":581,"y":49}},{"font":{"actualBoundingBoxAscent":27.599998474121094,"actualBoundingBoxDescent":8.650001525878906,"actualBoundingBoxLeft":-2.299999952316284,"actualBoundingBoxRight":23.350000381469727,"fontBoundingBoxAscent":48,"fontBoundingBoxDescent":11,"width":25},"position":{"x":606,"y":49}},{"font":{"actualBoundingBoxAscent":27.599998474121094,"actualBoundingBoxDescent":8.650001525878906,"actualBoundingBoxLeft":-1.649999976158142,"actualBoundingBoxRight":22.700000762939453,"fontBoundingBoxAscent":48,"fontBoundingBoxDescent":11,"width":25},"position":{"x":631,"y":49}},{"font":{"actualBoundingBoxAscent":27.599998474121094,"actualBoundingBoxDescent":0,"actualBoundingBoxLeft":-2.299999952316284,"actualBoundingBoxRight":16.450000762939453,"fontBoundingBoxAscent":48,"fontBoundingBoxDescent":11,"width":16.649993896484375},"position":{"x":656,"y":49}},{"font":{"actualBoundingBoxAscent":27.599998474121094,"actualBoundingBoxDescent":0.5499992370605469,"actualBoundingBoxLeft":-1.149999976158142,"actualBoundingBoxRight":21.049999237060547,"fontBoundingBoxAscent":48,"fontBoundingBoxDescent":11,"width":22.199996948242188},"position":{"x":674,"y":49}},{"font":{"actualBoundingBoxAscent":34.599998474121094,"actualBoundingBoxDescent":0.15000152587890625,"actualBoundingBoxLeft":-0.30000001192092896,"actualBoundingBoxRight":14.699999809265137,"fontBoundingBoxAscent":48,"fontBoundingBoxDescent":11,"width":14.79998779296875},"position":{"x":697,"y":49}},{"font":{"actualBoundingBoxAscent":26.899999618530273,"actualBoundingBoxDescent":0.5499992370605469,"actualBoundingBoxLeft":-2.299999952316284,"actualBoundingBoxRight":22.700000762939453,"fontBoundingBoxAscent":48,"fontBoundingBoxDescent":11,"width":25},"position":{"x":715,"y":49}},{"font":{"actualBoundingBoxAscent":26.899999618530273,"actualBoundingBoxDescent":0,"actualBoundingBoxLeft":-0.25,"actualBoundingBoxRight":21.950000762939453,"fontBoundingBoxAscent":48,"fontBoundingBoxDescent":11,"width":22.199996948242188},"position":{"x":739,"y":49}},{"font":{"actualBoundingBoxAscent":26.899999618530273,"actualBoundingBoxDescent":0,"actualBoundingBoxLeft":-0.3500000238418579,"actualBoundingBoxRight":34.85000228881836,"fontBoundingBoxAscent":48,"fontBoundingBoxDescent":11,"width":35.19999694824219},"position":{"x":764,"y":49}},{"font":{"actualBoundingBoxAscent":26.899999618530273,"actualBoundingBoxDescent":0,"actualBoundingBoxLeft":-0.3500000238418579,"actualBoundingBoxRight":22.75,"fontBoundingBoxAscent":48,"fontBoundingBoxDescent":11,"width":23.099990844726562},"position":{"x":802,"y":49}},{"font":{"actualBoundingBoxAscent":26.899999618530273,"actualBoundingBoxDescent":8.649999618530273,"actualBoundingBoxLeft":-0.25,"actualBoundingBoxRight":21.950000762939453,"fontBoundingBoxAscent":48,"fontBoundingBoxDescent":11,"width":22.199996948242188},"position":{"x":828,"y":49}},{"font":{"actualBoundingBoxAscent":26.899999618530273,"actualBoundingBoxDescent":0,"actualBoundingBoxLeft":-1.2000000476837158,"actualBoundingBoxRight":20.100000381469727,"fontBoundingBoxAscent":48,"fontBoundingBoxDescent":11,"width":21.29998779296875},"position":{"x":853,"y":49}},{"font":{"actualBoundingBoxAscent":35.70000076293945,"actualBoundingBoxDescent":0,"actualBoundingBoxLeft":0,"actualBoundingBoxRight":27.799999237060547,"fontBoundingBoxAscent":48,"fontBoundingBoxDescent":11,"width":27.79998779296875},"position":{"x":875,"y":49}},{"font":{"actualBoundingBoxAscent":35.70000076293945,"actualBoundingBoxDescent":0,"actualBoundingBoxLeft":-2.5,"actualBoundingBoxRight":25.799999237060547,"fontBoundingBoxAscent":48,"fontBoundingBoxDescent":11,"width":27.79998779296875},"position":{"x":906,"y":49}},{"font":{"actualBoundingBoxAscent":36.39999771118164,"actualBoundingBoxDescent":0.5499992370605469,"actualBoundingBoxLeft":-1.75,"actualBoundingBoxRight":25.25,"fontBoundingBoxAscent":48,"fontBoundingBoxDescent":11,"width":26.849990844726562},"position":{"x":933,"y":49}},{"font":{"actualBoundingBoxAscent":35.70000076293945,"actualBoundingBoxDescent":0,"actualBoundingBoxLeft":-2.8499999046325684,"actualBoundingBoxRight":26.44999885559082,"fontBoundingBoxAscent":48,"fontBoundingBoxDescent":11,"width":28.699996948242188},"position":{"x":960,"y":49}},{"font":{"actualBoundingBoxAscent":35.70000076293945,"actualBoundingBoxDescent":0,"actualBoundingBoxLeft":-2.5,"actualBoundingBoxRight":22.94999885559082,"fontBoundingBoxAscent":48,"fontBoundingBoxDescent":11,"width":24.04998779296875},"position":{"x":987,"y":49}},{"font":{"actualBoundingBoxAscent":35.70000076293945,"actualBoundingBoxDescent":0,"actualBoundingBoxLeft":-2.5,"actualBoundingBoxRight":22.450000762939453,"fontBoundingBoxAscent":48,"fontBoundingBoxDescent":11,"width":23.149993896484375},"position":{"x":1011,"y":49}},{"font":{"actualBoundingBoxAscent":36.39999771118164,"actualBoundingBoxDescent":0.5499992370605469,"actualBoundingBoxLeft":-2.1500000953674316,"actualBoundingBoxRight":25.650001525878906,"fontBoundingBoxAscent":48,"fontBoundingBoxDescent":11,"width":27.79998779296875},"position":{"x":1034,"y":49}},{"font":{"actualBoundingBoxAscent":35.70000076293945,"actualBoundingBoxDescent":0,"actualBoundingBoxLeft":-2.5,"actualBoundingBoxRight":25.299999237060547,"fontBoundingBoxAscent":48,"fontBoundingBoxDescent":11,"width":27.79998779296875},"position":{"x":1061,"y":49}},{"font":{"actualBoundingBoxAscent":35.70000076293945,"actualBoundingBoxDescent":0,"actualBoundingBoxLeft":-2.8499999046325684,"actualBoundingBoxRight":10.050000190734863,"fontBoundingBoxAscent":48,"fontBoundingBoxDescent":11,"width":12.899993896484375},"position":{"x":1087,"y":49}},{"font":{"actualBoundingBoxAscent":35.70000076293945,"actualBoundingBoxDescent":0.5499992370605469,"actualBoundingBoxLeft":-0.75,"actualBoundingBoxRight":20.950000762939453,"fontBoundingBoxAscent":48,"fontBoundingBoxDescent":11,"width":23.149993896484375},"position":{"x":1098,"y":49}},{"font":{"actualBoundingBoxAscent":35.70000076293945,"actualBoundingBoxDescent":0,"actualBoundingBoxLeft":-2.5,"actualBoundingBoxRight":27.799999237060547,"fontBoundingBoxAscent":48,"fontBoundingBoxDescent":11,"width":26.849990844726562},"position":{"x":1122,"y":49}},{"font":{"actualBoundingBoxAscent":35.70000076293945,"actualBoundingBoxDescent":0,"actualBoundingBoxLeft":-2.5,"actualBoundingBoxRight":22.450000762939453,"fontBoundingBoxAscent":48,"fontBoundingBoxDescent":11,"width":23.149993896484375},"position":{"x":1151,"y":49}},{"font":{"actualBoundingBoxAscent":35.70000076293945,"actualBoundingBoxDescent":0,"actualBoundingBoxLeft":-2.6499998569488525,"actualBoundingBoxRight":34.349998474121094,"fontBoundingBoxAscent":48,"fontBoundingBoxDescent":11,"width":37},"position":{"x":1174,"y":49}},{"font":{"actualBoundingBoxAscent":35.70000076293945,"actualBoundingBoxDescent":0,"actualBoundingBoxLeft":-2.5,"actualBoundingBoxRight":26.19999885559082,"fontBoundingBoxAscent":48,"fontBoundingBoxDescent":11,"width":28.699996948242188},"position":{"x":1209,"y":49}},{"font":{"actualBoundingBoxAscent":36.39999771118164,"actualBoundingBoxDescent":0.5499992370605469,"actualBoundingBoxLeft":-1.75,"actualBoundingBoxRight":26.05000114440918,"fontBoundingBoxAscent":48,"fontBoundingBoxDescent":11,"width":27.79998779296875},"position":{"x":1236,"y":49}},{"font":{"actualBoundingBoxAscent":35.70000076293945,"actualBoundingBoxDescent":0,"actualBoundingBoxLeft":-2.5,"actualBoundingBoxRight":24.899999618530273,"fontBoundingBoxAscent":48,"fontBoundingBoxDescent":11,"width":25.949996948242188},"position":{"x":1264,"y":49}},{"font":{"actualBoundingBoxAscent":36.39999771118164,"actualBoundingBoxDescent":4.25,"actualBoundingBoxLeft":-1.75,"actualBoundingBoxRight":27.149999618530273,"fontBoundingBoxAscent":48,"fontBoundingBoxDescent":11,"width":27.79998779296875},"position":{"x":1290,"y":49}},{"font":{"actualBoundingBoxAscent":35.70000076293945,"actualBoundingBoxDescent":0,"actualBoundingBoxLeft":-2.5,"actualBoundingBoxRight":26.69999885559082,"fontBoundingBoxAscent":48,"fontBoundingBoxDescent":11,"width":27.79998779296875},"position":{"x":1319,"y":49}},{"font":{"actualBoundingBoxAscent":36.39999771118164,"actualBoundingBoxDescent":0.5499992370605469,"actualBoundingBoxLeft":-1.100000023841858,"actualBoundingBoxRight":24.850000381469727,"fontBoundingBoxAscent":48,"fontBoundingBoxDescent":11,"width":25.949996948242188},"position":{"x":1347,"y":49}},{"font":{"actualBoundingBoxAscent":35.70000076293945,"actualBoundingBoxDescent":0,"actualBoundingBoxLeft":-0.6000000238418579,"actualBoundingBoxRight":23.399999618530273,"fontBoundingBoxAscent":48,"fontBoundingBoxDescent":11,"width":24},"position":{"x":1374,"y":49}},{"font":{"actualBoundingBoxAscent":35.70000076293945,"actualBoundingBoxDescent":0.5499992370605469,"actualBoundingBoxLeft":-2.049999952316284,"actualBoundingBoxRight":24.850000381469727,"fontBoundingBoxAscent":48,"fontBoundingBoxDescent":11,"width":26.899993896484375},"position":{"x":1400,"y":49}},{"font":{"actualBoundingBoxAscent":35.70000076293945,"actualBoundingBoxDescent":0,"actualBoundingBoxLeft":-0.15000000596046448,"actualBoundingBoxRight":25.799999237060547,"fontBoundingBoxAscent":48,"fontBoundingBoxDescent":11,"width":25.949996948242188},"position":{"x":1426,"y":49}},{"font":{"actualBoundingBoxAscent":35.70000076293945,"actualBoundingBoxDescent":0,"actualBoundingBoxLeft":-0.4000000059604645,"actualBoundingBoxRight":37.599998474121094,"fontBoundingBoxAscent":48,"fontBoundingBoxDescent":11,"width":38},"position":{"x":1455,"y":49}},{"font":{"actualBoundingBoxAscent":35.70000076293945,"actualBoundingBoxDescent":0,"actualBoundingBoxLeft":-0.30000001192092896,"actualBoundingBoxRight":26.55000114440918,"fontBoundingBoxAscent":48,"fontBoundingBoxDescent":11,"width":26.849990844726562},"position":{"x":1496,"y":49}},{"font":{"actualBoundingBoxAscent":35.70000076293945,"actualBoundingBoxDescent":0,"actualBoundingBoxLeft":-0.15000000596046448,"actualBoundingBoxRight":25.850000381469727,"fontBoundingBoxAscent":48,"fontBoundingBoxDescent":11,"width":26},"position":{"x":1526,"y":49}},{"font":{"actualBoundingBoxAscent":35.70000076293945,"actualBoundingBoxDescent":0,"actualBoundingBoxLeft":-1.2000000476837158,"actualBoundingBoxRight":22.849998474121094,"fontBoundingBoxAscent":48,"fontBoundingBoxDescent":11,"width":24.04998779296875},"position":{"x":1555,"y":49}},{"font":{"actualBoundingBoxAscent":35.70000076293945,"actualBoundingBoxDescent":0,"actualBoundingBoxLeft":-3.950000286102295,"actualBoundingBoxRight":10.84999942779541,"fontBoundingBoxAscent":48,"fontBoundingBoxDescent":11,"width":14.79998779296875},"position":{"x":1580,"y":49}},{"font":{"actualBoundingBoxAscent":25.299999237060547,"actualBoundingBoxDescent":0,"actualBoundingBoxLeft":-2.3499999046325684,"actualBoundingBoxRight":27.64999771118164,"fontBoundingBoxAscent":48,"fontBoundingBoxDescent":11,"width":30},"position":{"x":1590,"y":49}},{"font":{"actualBoundingBoxAscent":17.399999618530273,"actualBoundingBoxDescent":-11.5,"actualBoundingBoxLeft":-2.200000047683716,"actualBoundingBoxRight":16.30000114440918,"fontBoundingBoxAscent":48,"fontBoundingBoxDescent":11,"width":18.5},"position":{"x":1619,"y":49}},{"font":{"actualBoundingBoxAscent":35.70000076293945,"actualBoundingBoxDescent":-17.80000114440918,"actualBoundingBoxLeft":-0.3500000238418579,"actualBoundingBoxRight":19.149999618530273,"fontBoundingBoxAscent":48,"fontBoundingBoxDescent":11,"width":19.5},"position":{"x":1637,"y":49}},{"font":{"actualBoundingBoxAscent":36.39999771118164,"actualBoundingBoxDescent":0.5499992370605469,"actualBoundingBoxLeft":0,"actualBoundingBoxRight":16.75,"fontBoundingBoxAscent":48,"fontBoundingBoxDescent":11,"width":16.599990844726562},"position":{"x":1659,"y":49}}],"name":"HelveticaNeue-CondensedBold","size":50,"bold":false,"italic":false,"color":"ffffff","text":"0123456789.,abcdefghijklmnopqrstuvwxyzABCDEFGHIJKLMNOPQRSTUVWXYZ!+-*/"}