[{"part":"title","issue":{"JST":"2021-06-23T18:45:00+09:00","UTC":"2021-06-23T09:45:00Z"},"typhoonNumber":"2105","name":{"jp":"チャンパー","en":"Champi"},"category":{"jp":"台風","en":"TS"}},{"part":{"jp":"実況","en":"Analysis"},"maximumWind":{"sustained":{"m/s":"20","kt":"40","note":"中心付近"},"gust":{"m/s":"30","kt":"60"}},"galeWarning":[{"area":"東","range":{"km":280,"nm":150}},{"area":"西","range":{"km":220,"nm":120}}],"advancedHours":0,"category":{"jp":"台風","en":"TS"},"scale":"-","intensity":"-","position":{"deg":[17.7,140.5],"dm":[[17,40],[140,30]],"accuracy":"ほぼ正確"},"location":"マリアナ諸島","course":"北北西","speed":{"km/h":"20","kt":"12"},"pressure":"1000","validtime":{"JST":"2021-06-23T18:00:00+09:00","UTC":"2021-06-23T09:00:00Z"}},{"part":{"jp":"予報　２４時間後","en":"Forecast for 24 hours ahead"},"maximumWind":{"sustained":{"m/s":"23","kt":"45","note":"中心付近"},"gust":{"m/s":"35","kt":"65"}},"advancedHours":24,"category":{"jp":"台風","en":"TS"},"intensity":"-","position":{"deg":[19.5,139.5],"dm":[[19,30],[139,30]]},"probabilityCircleRadius":{"km":95,"nm":50},"location":"フィリピンの東","course":"北北西","speed":{"note":{"jp":"ゆっくり","en":"Slow"}},"pressure":"998","validtime":{"JST":"2021-06-24T18:00:00+09:00","UTC":"2021-06-24T09:00:00Z"}},{"part":{"jp":"予報　４５時間後","en":"Forecast for 45 hours ahead"},"maximumWind":{"sustained":{"m/s":"25","kt":"50","note":"中心付近"},"gust":{"m/s":"35","kt":"70"}},"advancedHours":45,"category":{"jp":"台風","en":"STS"},"intensity":"-","position":{"deg":[21.7,138.0],"dm":[[21,40],[138,0]]},"probabilityCircleRadius":{"km":165,"nm":90},"location":"日本の南","course":"北北西","speed":{"km/h":"15","kt":"7"},"pressure":"992","validtime":{"JST":"2021-06-25T15:00:00+09:00","UTC":"2021-06-25T06:00:00Z"}},{"part":{"jp":"予報　６９時間後","en":"Forecast for 69 hours ahead"},"maximumWind":{"sustained":{"m/s":"30","kt":"60","note":"中心付近"},"gust":{"m/s":"45","kt":"85"}},"stormWarning":[{"area":{"jp":"全域","en":"All"},"range":{"km":340,"nm":185}}],"advancedHours":69,"category":{"jp":"台風","en":"STS"},"intensity":"-","position":{"deg":[25.6,137.8],"dm":[[25,35],[137,50]]},"probabilityCircleRadius":{"km":300,"nm":160},"location":"日本の南","course":"北","speed":{"km/h":"20","kt":"10"},"pressure":"985","validtime":{"JST":"2021-06-26T15:00:00+09:00","UTC":"2021-06-26T06:00:00Z"}},{"part":{"jp":"予報　９３時間後","en":"Forecast for 93 hours ahead"},"maximumWind":{"sustained":{"m/s":"25","kt":"50","note":"中心付近"},"gust":{"m/s":"35","kt":"70"}},"advancedHours":93,"category":{"jp":"台風","en":"STS"},"intensity":"-","position":{"deg":[31.4,140.1],"dm":[[31,25],[140,5]]},"probabilityCircleRadius":{"km":430,"nm":230},"location":"日本の南","course":"北北東","speed":{"km/h":"30","kt":"15"},"pressure":"992","validtime":{"JST":"2021-06-27T15:00:00+09:00","UTC":"2021-06-27T06:00:00Z"}},{"part":{"jp":"予報　１１７時間後","en":"Forecast for 117 hours ahead"},"maximumWind":{"sustained":{"m/s":"20","kt":"40"},"gust":{"m/s":"30","kt":"60"}},"advancedHours":117,"category":{"jp":"温帯低気圧","en":"LOW"},"intensity":"-","position":{"deg":[38.6,146.1],"dm":[[38,35],[146,5]]},"probabilityCircleRadius":{"km":650,"nm":360},"location":"日本の東","course":"北北東","speed":{"km/h":"40","kt":"22"},"pressure":"998","validtime":{"JST":"2021-06-28T15:00:00+09:00","UTC":"2021-06-28T06:00:00Z"}}]