[{"controlTitle":"地方気象情報","datetime":"2021-06-18T19:41:08Z","editorialOffice":"新潟地方気象台","publishingOffice":"新潟地方気象台","headTitle":"大雨に関する北陸地方気象情報","reportDatetime":"2021-06-19T04:41:00+09:00","validDatetime":null,"eventId":"JPNI210043","infoType":"発表","serial":"3","areaType":"centers","areaCode":"010500","areaCodes":["010500"],"jsonName":"20210618194108_0_VPCJ50_010500","header":"VPCJ50","valid":"2021-06-25T19:41:00+00:00","validMap":"2021-06-19T21:41:00+00:00","dataType":"xml","targetDatetime":"2021-06-19T04:41:00+09:00","mapValidOut":true},{"controlTitle":"地方気象情報","datetime":"2021-06-18T20:06:10Z","editorialOffice":"名古屋地方気象台","publishingOffice":"名古屋地方気象台","headTitle":"大雨に関する東海地方気象情報","reportDatetime":"2021-06-19T05:06:00+09:00","validDatetime":null,"eventId":"JPGY210036","infoType":"発表","serial":"2","areaType":"centers","areaCode":"010400","areaCodes":["010400"],"jsonName":"20210618200610_0_VPCJ50_010400","header":"VPCJ50","valid":"2021-06-25T20:06:00+00:00","validMap":"2021-06-19T22:06:00+00:00","dataType":"xml","targetDatetime":"2021-06-19T05:06:00+09:00","mapValidOut":true},{"controlTitle":"府県気象情報","datetime":"2021-06-18T20:19:40Z","editorialOffice":"気象庁本庁","publishingOffice":"気象庁","headTitle":"大雨に関する東京都（小笠原諸島）気象情報","reportDatetime":"2021-06-19T05:19:00+09:00","validDatetime":null,"eventId":"JPTK210064","infoType":"発表","serial":"9","areaType":"offices","areaCode":"130000","areaCodes":["130000"],"jsonName":"20210618201940_0_VPFJ50_130000","header":"VPFJ50","valid":"2021-06-25T20:19:00+00:00","validMap":"2021-06-19T22:19:00+00:00","dataType":"xml","targetDatetime":"2021-06-19T05:19:00+09:00","mapValidOut":true},{"controlTitle":"府県気象情報","datetime":"2021-06-18T20:23:46Z","editorialOffice":"富山地方気象台","publishingOffice":"富山地方気象台","headTitle":"大雨に関する富山県気象情報","reportDatetime":"2021-06-19T05:23:00+09:00","validDatetime":null,"eventId":"JPNA210020","infoType":"発表","serial":"3","areaType":"offices","areaCode":"160000","areaCodes":["160000"],"jsonName":"20210618202347_0_VPFJ50_160000","header":"VPFJ50","valid":"2021-06-25T20:23:00+00:00","validMap":"2021-06-19T22:23:00+00:00","dataType":"xml","targetDatetime":"2021-06-19T05:23:00+09:00","mapValidOut":true},{"controlTitle":"府県気象情報","datetime":"2021-06-18T20:25:10Z","editorialOffice":"福井地方気象台","publishingOffice":"福井地方気象台","headTitle":"大雨に関する福井県気象情報","reportDatetime":"2021-06-19T05:25:00+09:00","validDatetime":null,"eventId":"JPNC210023","infoType":"発表","serial":"3","areaType":"offices","areaCode":"180000","areaCodes":["180000"],"jsonName":"20210618202510_0_VPFJ50_180000","header":"VPFJ50","valid":"2021-06-25T20:25:00+00:00","validMap":"2021-06-19T22:25:00+00:00","dataType":"xml","targetDatetime":"2021-06-19T05:25:00+09:00","mapValidOut":true},{"controlTitle":"府県気象情報","datetime":"2021-06-18T20:25:36Z","editorialOffice":"岐阜地方気象台","publishingOffice":"岐阜地方気象台","headTitle":"大雨に関する岐阜県気象情報","reportDatetime":"2021-06-19T05:25:00+09:00","validDatetime":null,"eventId":"JPGB210017","infoType":"発表","serial":"2","areaType":"offices","areaCode":"210000","areaCodes":["210000"],"jsonName":"20210618202537_0_VPFJ50_210000","header":"VPFJ50","valid":"2021-06-25T20:25:00+00:00","validMap":"2021-06-19T22:25:00+00:00","dataType":"xml","targetDatetime":"2021-06-19T05:25:00+09:00","mapValidOut":true},{"controlTitle":"府県気象情報","datetime":"2021-06-18T20:31:18Z","editorialOffice":"金沢地方気象台","publishingOffice":"金沢地方気象台","headTitle":"大雨に関する石川県気象情報","reportDatetime":"2021-06-19T05:31:00+09:00","validDatetime":null,"eventId":"JPNB210021","infoType":"発表","serial":"3","areaType":"offices","areaCode":"170000","areaCodes":["170000"],"jsonName":"20210618203119_0_VPFJ50_170000","header":"VPFJ50","valid":"2021-06-25T20:31:00+00:00","validMap":"2021-06-19T22:31:00+00:00","dataType":"xml","targetDatetime":"2021-06-19T05:31:00+09:00","mapValidOut":true},{"controlTitle":"府県気象情報","datetime":"2021-06-18T20:37:04Z","editorialOffice":"名古屋地方気象台","publishingOffice":"名古屋地方気象台","headTitle":"大雨に関する愛知県気象情報","reportDatetime":"2021-06-19T05:37:00+09:00","validDatetime":null,"eventId":"JPGY210037","infoType":"発表","serial":"2","areaType":"offices","areaCode":"230000","areaCodes":["230000"],"jsonName":"20210618203705_0_VPFJ50_230000","header":"VPFJ50","valid":"2021-06-25T20:37:00+00:00","validMap":"2021-06-19T22:37:00+00:00","dataType":"xml","targetDatetime":"2021-06-19T05:37:00+09:00","mapValidOut":true},{"controlTitle":"府県気象情報","datetime":"2021-06-18T20:43:23Z","editorialOffice":"静岡地方気象台","publishingOffice":"静岡地方気象台","headTitle":"大雨に関する静岡県気象情報","reportDatetime":"2021-06-19T05:43:00+09:00","validDatetime":null,"eventId":"JPGA210023","infoType":"発表","serial":"2","areaType":"offices","areaCode":"220000","areaCodes":["220000"],"jsonName":"20210618204323_0_VPFJ50_220000","header":"VPFJ50","valid":"2021-06-25T20:43:00+00:00","validMap":"2021-06-19T22:43:00+00:00","dataType":"xml","targetDatetime":"2021-06-19T05:43:00+09:00","mapValidOut":true},{"controlTitle":"地方気象情報","datetime":"2021-06-19T06:54:28Z","editorialOffice":"新潟地方気象台","publishingOffice":"新潟地方気象台","headTitle":"大雨に関する北陸地方気象情報","reportDatetime":"2021-06-19T15:54:00+09:00","validDatetime":null,"eventId":"JPNI210043","infoType":"発表","serial":"4","areaType":"centers","areaCode":"010500","areaCodes":["010500"],"jsonName":"20210619065428_0_VPCJ50_010500","header":"VPCJ50","valid":"2021-06-26T06:54:00+00:00","validMap":"2021-06-20T08:54:00+00:00","dataType":"xml","targetDatetime":"2021-06-19T15:54:00+09:00","mapValidOut":true},{"controlTitle":"地方気象情報","datetime":"2021-06-19T06:55:16Z","editorialOffice":"名古屋地方気象台","publishingOffice":"名古屋地方気象台","headTitle":"大雨に関する東海地方気象情報","reportDatetime":"2021-06-19T15:55:00+09:00","validDatetime":null,"eventId":"JPGY210036","infoType":"発表","serial":"3","areaType":"centers","areaCode":"010400","areaCodes":["010400"],"jsonName":"20210619065517_0_VPCJ50_010400","header":"VPCJ50","valid":"2021-06-26T06:55:00+00:00","validMap":"2021-06-20T08:55:00+00:00","dataType":"xml","targetDatetime":"2021-06-19T15:55:00+09:00","mapValidOut":true},{"controlTitle":"府県気象情報","datetime":"2021-06-19T07:27:06Z","editorialOffice":"名古屋地方気象台","publishingOffice":"名古屋地方気象台","headTitle":"大雨に関する愛知県気象情報","reportDatetime":"2021-06-19T16:27:00+09:00","validDatetime":null,"eventId":"JPGY210037","infoType":"発表","serial":"3","areaType":"offices","areaCode":"230000","areaCodes":["230000"],"jsonName":"20210619072707_0_VPFJ50_230000","header":"VPFJ50","valid":"2021-06-26T07:27:00+00:00","validMap":"2021-06-20T09:27:00+00:00","dataType":"xml","targetDatetime":"2021-06-19T16:27:00+09:00","mapValidOut":true},{"controlTitle":"府県気象情報","datetime":"2021-06-19T07:36:07Z","editorialOffice":"岐阜地方気象台","publishingOffice":"岐阜地方気象台","headTitle":"大雨に関する岐阜県気象情報","reportDatetime":"2021-06-19T16:36:00+09:00","validDatetime":null,"eventId":"JPGB210017","infoType":"発表","serial":"3","areaType":"offices","areaCode":"210000","areaCodes":["210000"],"jsonName":"20210619073607_0_VPFJ50_210000","header":"VPFJ50","valid":"2021-06-26T07:36:00+00:00","validMap":"2021-06-20T09:36:00+00:00","dataType":"xml","targetDatetime":"2021-06-19T16:36:00+09:00","mapValidOut":true},{"controlTitle":"府県気象情報","datetime":"2021-06-19T07:44:35Z","editorialOffice":"福井地方気象台","publishingOffice":"福井地方気象台","headTitle":"大雨に関する福井県気象情報","reportDatetime":"2021-06-19T16:44:00+09:00","validDatetime":null,"eventId":"JPNC210023","infoType":"発表","serial":"4","areaType":"offices","areaCode":"180000","areaCodes":["180000"],"jsonName":"20210619074436_0_VPFJ50_180000","header":"VPFJ50","valid":"2021-06-26T07:44:00+00:00","validMap":"2021-06-20T09:44:00+00:00","dataType":"xml","targetDatetime":"2021-06-19T16:44:00+09:00","mapValidOut":true},{"controlTitle":"府県気象情報","datetime":"2021-06-19T07:47:31Z","editorialOffice":"金沢地方気象台","publishingOffice":"金沢地方気象台","headTitle":"大雨に関する石川県気象情報","reportDatetime":"2021-06-19T16:47:00+09:00","validDatetime":null,"eventId":"JPNB210021","infoType":"発表","serial":"4","areaType":"offices","areaCode":"170000","areaCodes":["170000"],"jsonName":"20210619074731_0_VPFJ50_170000","header":"VPFJ50","valid":"2021-06-26T07:47:00+00:00","validMap":"2021-06-20T09:47:00+00:00","dataType":"xml","targetDatetime":"2021-06-19T16:47:00+09:00","mapValidOut":true},{"controlTitle":"府県気象情報","datetime":"2021-06-19T07:49:22Z","editorialOffice":"静岡地方気象台","publishingOffice":"静岡地方気象台","headTitle":"大雨に関する静岡県気象情報","reportDatetime":"2021-06-19T16:23:00+09:00","validDatetime":null,"eventId":"JPGA210023","infoType":"訂正","serial":"3","areaType":"offices","areaCode":"220000","areaCodes":["220000"],"jsonName":"20210619074923_0_VPFJ50_220000","header":"VPFJ50","valid":"2021-06-26T07:23:00+00:00","validMap":"2021-06-20T09:23:00+00:00","dataType":"xml","targetDatetime":"2021-06-19T16:23:00+09:00","remove":true,"mapValidOut":true},{"controlTitle":"府県気象情報","datetime":"2021-06-19T07:52:50Z","editorialOffice":"富山地方気象台","publishingOffice":"富山地方気象台","headTitle":"大雨に関する富山県気象情報","reportDatetime":"2021-06-19T16:52:00+09:00","validDatetime":null,"eventId":"JPNA210020","infoType":"発表","serial":"4","areaType":"offices","areaCode":"160000","areaCodes":["160000"],"jsonName":"20210619075251_0_VPFJ50_160000","header":"VPFJ50","valid":"2021-06-26T07:52:00+00:00","validMap":"2021-06-20T09:52:00+00:00","dataType":"xml","targetDatetime":"2021-06-19T16:52:00+09:00","mapValidOut":true},{"controlTitle":"府県気象情報","datetime":"2021-06-19T11:13:20Z","editorialOffice":"富山地方気象台","publishingOffice":"富山地方気象台","headTitle":"大雨に関する富山県気象情報","reportDatetime":"2021-06-19T20:13:00+09:00","validDatetime":null,"eventId":"JPNA210020","infoType":"発表","serial":"5","areaType":"offices","areaCode":"160000","areaCodes":["160000"],"jsonName":"20210619111320_0_VPFJ50_160000","header":"VPFJ50","valid":"2021-06-26T11:13:00+00:00","validMap":"2021-06-20T13:13:00+00:00","dataType":"xml","targetDatetime":"2021-06-19T20:13:00+09:00","mapValidOut":true},{"areaType":"offices","header":"Jfuken","areaCode":"220000","areaCodes":["220000"],"dataType":"pdf","pdfName":"20210619150300_0_Z__J_220000_20210619150200_MET_INF_Jfuken_NJ004n00_image.pdf","valid":"2021-06-26T15:02:00Z","validMap":"2021-06-20T17:02:00Z","pdfKbSize":166,"filename":"20210619150300_0_Z__J_220000_20210619150200_MET_INF_Jfuken_NJ004n00_image.pdf","infoType":"発表","teiseiNum":0,"headTitle":"静岡県気象情報 第４号（図）PDF形式166KB","serial":4,"reportDatetime":"2021-06-19T15:02:00Z","mapValidOut":true},{"controlTitle":"府県気象情報","datetime":"2021-06-19T15:37:06Z","editorialOffice":"室蘭地方気象台","publishingOffice":"室蘭地方気象台","headTitle":"大雨に関する胆振・日高地方気象情報","reportDatetime":"2021-06-20T00:37:00+09:00","validDatetime":null,"eventId":"JPSE210013","infoType":"発表","serial":"1","areaType":"offices","areaCode":"015000","areaCodes":["015000"],"jsonName":"20210619153706_0_VPFJ50_015000","header":"VPFJ50","valid":"2021-06-26T15:37:00+00:00","validMap":"2021-06-20T17:37:00+00:00","dataType":"xml","targetDatetime":"2021-06-20T00:37:00+09:00","mapValidOut":true},{"controlTitle":"府県気象情報","datetime":"2021-06-19T17:20:20Z","editorialOffice":"名古屋地方気象台","publishingOffice":"名古屋地方気象台","headTitle":"大雨に関する愛知県気象情報","reportDatetime":"2021-06-20T02:20:00+09:00","validDatetime":null,"eventId":"JPGY210037","infoType":"発表","serial":"4","areaType":"offices","areaCode":"230000","areaCodes":["230000"],"jsonName":"20210619172020_0_VPFJ50_230000","header":"VPFJ50","valid":"2021-06-26T17:20:00+00:00","validMap":"2021-06-20T19:20:00+00:00","dataType":"xml","targetDatetime":"2021-06-20T02:20:00+09:00","mapValidOut":true},{"controlTitle":"地方気象情報","datetime":"2021-06-19T19:14:21Z","editorialOffice":"名古屋地方気象台","publishingOffice":"名古屋地方気象台","headTitle":"大雨に関する東海地方気象情報","reportDatetime":"2021-06-20T04:14:00+09:00","validDatetime":null,"eventId":"JPGY210036","infoType":"発表","serial":"4","areaType":"centers","areaCode":"010400","areaCodes":["010400"],"jsonName":"20210619191422_0_VPCJ50_010400","header":"VPCJ50","valid":"2021-06-26T19:14:00+00:00","validMap":"2021-06-20T21:14:00+00:00","dataType":"xml","targetDatetime":"2021-06-20T04:14:00+09:00","mapValidOut":true},{"controlTitle":"府県気象情報","datetime":"2021-06-19T19:22:33Z","editorialOffice":"室蘭地方気象台","publishingOffice":"室蘭地方気象台","headTitle":"大雨に関する胆振・日高地方気象情報","reportDatetime":"2021-06-20T04:22:00+09:00","validDatetime":null,"eventId":"JPSE210013","infoType":"発表","serial":"2","areaType":"offices","areaCode":"015000","areaCodes":["015000"],"jsonName":"20210619192234_0_VPFJ50_015000","header":"VPFJ50","valid":"2021-06-26T19:22:00+00:00","validMap":"2021-06-20T21:22:00+00:00","dataType":"xml","targetDatetime":"2021-06-20T04:22:00+09:00","mapValidOut":true},{"controlTitle":"府県気象情報","datetime":"2021-06-19T19:50:11Z","editorialOffice":"静岡地方気象台","publishingOffice":"静岡地方気象台","headTitle":"大雨に関する静岡県気象情報","reportDatetime":"2021-06-20T04:50:00+09:00","validDatetime":null,"eventId":"JPGA210023","infoType":"発表","serial":"5","areaType":"offices","areaCode":"220000","areaCodes":["220000"],"jsonName":"20210619195011_0_VPFJ50_220000","header":"VPFJ50","valid":"2021-06-26T19:50:00+00:00","validMap":"2021-06-20T21:50:00+00:00","dataType":"xml","targetDatetime":"2021-06-20T04:50:00+09:00","mapValidOut":true},{"controlTitle":"府県気象情報","datetime":"2021-06-22T01:44:41Z","editorialOffice":"旭川地方気象台","publishingOffice":"旭川地方気象台","headTitle":"大雨に関する上川・留萌地方気象情報","reportDatetime":"2021-06-22T10:44:00+09:00","validDatetime":null,"eventId":"JPSC210019","infoType":"発表","serial":"1","areaType":"offices","areaCode":"012000","areaCodes":["012000"],"jsonName":"20210622014442_0_VPFJ50_012000","header":"VPFJ50","valid":"2021-06-29T01:44:00+00:00","validMap":"2021-06-23T03:44:00+00:00","dataType":"xml","targetDatetime":"2021-06-22T10:44:00+09:00","mapValidOut":true},{"controlTitle":"全般潮位情報","datetime":"2021-06-22T02:00:46Z","editorialOffice":"気象庁本庁","publishingOffice":"気象庁","headTitle":"大潮による高い潮位に関する全般潮位情報","reportDatetime":"2021-06-22T11:00:00+09:00","validDatetime":null,"eventId":"JPTK210069","infoType":"発表","serial":"1","areaType":"japan","areaCode":"010000","areaCodes":["010000"],"jsonName":"20210622020047_0_VMCJ50_010000","header":"VMCJ50","valid":"2021-06-29T02:00:00+00:00","validMap":"2021-06-23T04:00:00+00:00","dataType":"xml","targetDatetime":"2021-06-22T11:00:00+09:00","mapValidOut":true},{"controlTitle":"地方潮位情報","datetime":"2021-06-22T02:04:03Z","editorialOffice":"気象庁本庁","publishingOffice":"気象庁","headTitle":"大潮による高い潮位に関する関東・東海地方潮位情報","reportDatetime":"2021-06-22T11:03:00+09:00","validDatetime":null,"eventId":"JPTK210070","infoType":"発表","serial":"1","areaType":"centers","areaCode":"010300","areaCodes":["010300"],"jsonName":"20210622020404_0_VMCJ51_010300","header":"VMCJ51","valid":"2021-06-29T02:03:00+00:00","validMap":"2021-06-23T04:03:00+00:00","dataType":"xml","targetDatetime":"2021-06-22T11:03:00+09:00","mapValidOut":true},{"controlTitle":"地方潮位情報","datetime":"2021-06-22T02:07:02Z","editorialOffice":"大阪管区気象台","publishingOffice":"大阪管区気象台","headTitle":"大潮による高い潮位に関する近畿・中国・四国地方潮位情報","reportDatetime":"2021-06-22T11:07:00+09:00","validDatetime":null,"eventId":"JPOS210032","infoType":"発表","serial":"1","areaType":"centers","areaCode":"010600","areaCodes":["010600","010700","010800"],"jsonName":"20210622020703_0_VMCJ51_010600","header":"VMCJ51","valid":"2021-06-29T02:07:00+00:00","validMap":"2021-06-23T04:07:00+00:00","dataType":"xml","targetDatetime":"2021-06-22T11:07:00+09:00","mapValidOut":true},{"controlTitle":"地方潮位情報","datetime":"2021-06-22T02:09:36Z","editorialOffice":"福岡管区気象台","publishingOffice":"福岡管区気象台","headTitle":"大潮による高い潮位に関する九州地方潮位情報","reportDatetime":"2021-06-22T11:09:00+09:00","validDatetime":null,"eventId":"JPFK210032","infoType":"発表","serial":"1","areaType":"centers","areaCode":"010900","areaCodes":["010900","011000"],"jsonName":"20210622020937_0_VMCJ51_010900","header":"VMCJ51","valid":"2021-06-29T02:09:00+00:00","validMap":"2021-06-23T04:09:00+00:00","dataType":"xml","targetDatetime":"2021-06-22T11:09:00+09:00","mapValidOut":true},{"controlTitle":"地方潮位情報","datetime":"2021-06-22T02:11:57Z","editorialOffice":"沖縄気象台","publishingOffice":"沖縄気象台","headTitle":"大潮による高い潮位に関する沖縄地方潮位情報","reportDatetime":"2021-06-22T11:11:00+09:00","validDatetime":null,"eventId":"JPOK210027","infoType":"発表","serial":"1","areaType":"centers","areaCode":"011100","areaCodes":["011100"],"jsonName":"20210622021158_0_VMCJ51_011100","header":"VMCJ51","valid":"2021-06-29T02:11:00+00:00","validMap":"2021-06-23T04:11:00+00:00","dataType":"xml","targetDatetime":"2021-06-22T11:11:00+09:00","mapValidOut":true},{"controlTitle":"府県潮位情報","datetime":"2021-06-22T02:22:53Z","editorialOffice":"福島地方気象台","publishingOffice":"福島地方気象台","headTitle":"大潮による高い潮位に関する福島県潮位情報","reportDatetime":"2021-06-22T11:22:00+09:00","validDatetime":null,"eventId":"JPDE210021","infoType":"発表","serial":"1","areaType":"offices","areaCode":"070000","areaCodes":["070000"],"jsonName":"20210622022255_0_VMCJ52_070000","header":"VMCJ52","valid":"2021-06-29T02:22:00+00:00","validMap":"2021-06-23T04:22:00+00:00","dataType":"xml","targetDatetime":"2021-06-22T11:22:00+09:00","mapValidOut":true},{"controlTitle":"府県潮位情報","datetime":"2021-06-22T02:22:53Z","editorialOffice":"静岡地方気象台","publishingOffice":"静岡地方気象台","headTitle":"大潮による高い潮位に関する静岡県潮位情報","reportDatetime":"2021-06-22T11:22:00+09:00","validDatetime":null,"eventId":"JPGA210024","infoType":"発表","serial":"1","areaType":"offices","areaCode":"220000","areaCodes":["220000"],"jsonName":"20210622022256_0_VMCJ52_220000","header":"VMCJ52","valid":"2021-06-29T02:22:00+00:00","validMap":"2021-06-23T04:22:00+00:00","dataType":"xml","targetDatetime":"2021-06-22T11:22:00+09:00","mapValidOut":true},{"controlTitle":"府県潮位情報","datetime":"2021-06-22T02:22:53Z","editorialOffice":"広島地方気象台","publishingOffice":"広島地方気象台","headTitle":"大潮による高い潮位に関する広島県潮位情報","reportDatetime":"2021-06-22T11:22:00+09:00","validDatetime":null,"eventId":"JPHR210029","infoType":"発表","serial":"1","areaType":"offices","areaCode":"340000","areaCodes":["340000"],"jsonName":"20210622022256_0_VMCJ52_340000","header":"VMCJ52","valid":"2021-06-29T02:22:00+00:00","validMap":"2021-06-23T04:22:00+00:00","dataType":"xml","targetDatetime":"2021-06-22T11:22:00+09:00","mapValidOut":true},{"controlTitle":"府県潮位情報","datetime":"2021-06-22T02:22:53Z","editorialOffice":"神戸地方気象台","publishingOffice":"神戸地方気象台","headTitle":"大潮による高い潮位に関する兵庫県潮位情報","reportDatetime":"2021-06-22T11:22:00+09:00","validDatetime":null,"eventId":"JPOB210019","infoType":"発表","serial":"1","areaType":"offices","areaCode":"280000","areaCodes":["280000"],"jsonName":"20210622022256_0_VMCJ52_280000","header":"VMCJ52","valid":"2021-06-29T02:22:00+00:00","validMap":"2021-06-23T04:22:00+00:00","dataType":"xml","targetDatetime":"2021-06-22T11:22:00+09:00","mapValidOut":true},{"controlTitle":"府県潮位情報","datetime":"2021-06-22T02:22:53Z","editorialOffice":"水戸地方気象台","publishingOffice":"水戸地方気象台","headTitle":"大潮による高い潮位に関する茨城県潮位情報","reportDatetime":"2021-06-22T11:22:00+09:00","validDatetime":null,"eventId":"JPTD210017","infoType":"発表","serial":"1","areaType":"offices","areaCode":"080000","areaCodes":["080000"],"jsonName":"20210622022256_0_VMCJ52_080000","header":"VMCJ52","valid":"2021-06-29T02:22:00+00:00","validMap":"2021-06-23T04:22:00+00:00","dataType":"xml","targetDatetime":"2021-06-22T11:22:00+09:00","mapValidOut":true},{"controlTitle":"府県潮位情報","datetime":"2021-06-22T02:22:53Z","editorialOffice":"岡山地方気象台","publishingOffice":"岡山地方気象台","headTitle":"大潮による高い潮位に関する岡山県潮位情報","reportDatetime":"2021-06-22T11:22:00+09:00","validDatetime":null,"eventId":"JPHC210012","infoType":"発表","serial":"1","areaType":"offices","areaCode":"330000","areaCodes":["330000"],"jsonName":"20210622022257_0_VMCJ52_330000","header":"VMCJ52","valid":"2021-06-29T02:22:00+00:00","validMap":"2021-06-23T04:22:00+00:00","dataType":"xml","targetDatetime":"2021-06-22T11:22:00+09:00","mapValidOut":true},{"controlTitle":"府県潮位情報","datetime":"2021-06-22T02:22:53Z","editorialOffice":"松山地方気象台","publishingOffice":"松山地方気象台","headTitle":"大潮による高い潮位に関する愛媛県潮位情報","reportDatetime":"2021-06-22T11:22:00+09:00","validDatetime":null,"eventId":"JPMA210023","infoType":"発表","serial":"1","areaType":"offices","areaCode":"380000","areaCodes":["380000"],"jsonName":"20210622022257_0_VMCJ52_380000","header":"VMCJ52","valid":"2021-06-29T02:22:00+00:00","validMap":"2021-06-23T04:22:00+00:00","dataType":"xml","targetDatetime":"2021-06-22T11:22:00+09:00","mapValidOut":true},{"controlTitle":"府県潮位情報","datetime":"2021-06-22T02:22:53Z","editorialOffice":"大分地方気象台","publishingOffice":"大分地方気象台","headTitle":"大潮による高い潮位に関する大分県潮位情報","reportDatetime":"2021-06-22T11:22:00+09:00","validDatetime":null,"eventId":"JPFB210013","infoType":"発表","serial":"1","areaType":"offices","areaCode":"440000","areaCodes":["440000"],"jsonName":"20210622022257_0_VMCJ52_440000","header":"VMCJ52","valid":"2021-06-29T02:22:00+00:00","validMap":"2021-06-23T04:22:00+00:00","dataType":"xml","targetDatetime":"2021-06-22T11:22:00+09:00","mapValidOut":true},{"controlTitle":"府県潮位情報","datetime":"2021-06-22T02:22:53Z","editorialOffice":"高知地方気象台","publishingOffice":"高知地方気象台","headTitle":"大潮による高い潮位に関する高知県潮位情報","reportDatetime":"2021-06-22T11:22:00+09:00","validDatetime":null,"eventId":"JPMC210018","infoType":"発表","serial":"1","areaType":"offices","areaCode":"390000","areaCodes":["390000"],"jsonName":"20210622022257_0_VMCJ52_390000","header":"VMCJ52","valid":"2021-06-29T02:22:00+00:00","validMap":"2021-06-23T04:22:00+00:00","dataType":"xml","targetDatetime":"2021-06-22T11:22:00+09:00","mapValidOut":true},{"controlTitle":"府県潮位情報","datetime":"2021-06-22T02:22:53Z","editorialOffice":"熊本地方気象台","publishingOffice":"熊本地方気象台","headTitle":"大潮による高い潮位に関する熊本県潮位情報","reportDatetime":"2021-06-22T11:22:00+09:00","validDatetime":null,"eventId":"JPFD210017","infoType":"発表","serial":"1","areaType":"offices","areaCode":"430000","areaCodes":["430000"],"jsonName":"20210622022258_0_VMCJ52_430000","header":"VMCJ52","valid":"2021-06-29T02:22:00+00:00","validMap":"2021-06-23T04:22:00+00:00","dataType":"xml","targetDatetime":"2021-06-22T11:22:00+09:00","mapValidOut":true},{"controlTitle":"府県潮位情報","datetime":"2021-06-22T02:22:53Z","editorialOffice":"長崎地方気象台","publishingOffice":"長崎地方気象台","headTitle":"大潮による高い潮位に関する長崎県潮位情報","reportDatetime":"2021-06-22T11:22:00+09:00","validDatetime":null,"eventId":"JPFE210018","infoType":"発表","serial":"1","areaType":"offices","areaCode":"420000","areaCodes":["420000"],"jsonName":"20210622022258_0_VMCJ52_420000","header":"VMCJ52","valid":"2021-06-29T02:22:00+00:00","validMap":"2021-06-23T04:22:00+00:00","dataType":"xml","targetDatetime":"2021-06-22T11:22:00+09:00","mapValidOut":true},{"controlTitle":"府県潮位情報","datetime":"2021-06-22T02:22:53Z","editorialOffice":"鹿児島地方気象台","publishingOffice":"鹿児島地方気象台","headTitle":"大潮による高い潮位に関する鹿児島県（奄美地方を除く）潮位情報","reportDatetime":"2021-06-22T11:22:00+09:00","validDatetime":null,"eventId":"JPKG210038","infoType":"発表","serial":"1","areaType":"offices","areaCode":"460100","areaCodes":["460100"],"jsonName":"20210622022258_0_VMCJ52_460100","header":"VMCJ52","valid":"2021-06-29T02:22:00+00:00","validMap":"2021-06-23T04:22:00+00:00","dataType":"xml","targetDatetime":"2021-06-22T11:22:00+09:00","mapValidOut":true},{"controlTitle":"府県潮位情報","datetime":"2021-06-22T02:25:54Z","editorialOffice":"石垣島地方気象台","publishingOffice":"石垣島地方気象台","headTitle":"大潮による高い潮位に関する八重山地方潮位情報","reportDatetime":"2021-06-22T11:25:00+09:00","validDatetime":null,"eventId":"JPWC210018","infoType":"発表","serial":"1","areaType":"offices","areaCode":"474000","areaCodes":["474000"],"jsonName":"20210622022554_0_VMCJ52_474000","header":"VMCJ52","valid":"2021-06-29T02:25:00+00:00","validMap":"2021-06-23T04:25:00+00:00","dataType":"xml","targetDatetime":"2021-06-22T11:25:00+09:00","mapValidOut":true},{"controlTitle":"府県潮位情報","datetime":"2021-06-22T02:25:54Z","editorialOffice":"宮古島地方気象台","publishingOffice":"宮古島地方気象台","headTitle":"大潮による高い潮位に関する宮古島地方潮位情報","reportDatetime":"2021-06-22T11:25:00+09:00","validDatetime":null,"eventId":"JPWB210009","infoType":"発表","serial":"1","areaType":"offices","areaCode":"473000","areaCodes":["473000"],"jsonName":"20210622022555_0_VMCJ52_473000","header":"VMCJ52","valid":"2021-06-29T02:25:00+00:00","validMap":"2021-06-23T04:25:00+00:00","dataType":"xml","targetDatetime":"2021-06-22T11:25:00+09:00","mapValidOut":true},{"areaType":"offices","header":"Jfchoui","areaCode":"070000","areaCodes":["070000"],"dataType":"pdf","pdfName":"20210622052700_0_Z__J_070000_20210622052600_TID_INF_Jfchoui_NJ002n00_image.pdf","valid":"2021-06-29T05:26:00Z","validMap":"2021-06-23T07:26:00Z","pdfKbSize":120,"filename":"20210622052700_0_Z__J_070000_20210622052600_TID_INF_Jfchoui_NJ002n00_image.pdf","infoType":"発表","teiseiNum":0,"headTitle":"福島県潮位情報 第２号（図）PDF形式120KB","serial":2,"reportDatetime":"2021-06-22T05:26:00Z","mapValidOut":true},{"areaType":"offices","header":"Jfchoui","areaCode":"080000","areaCodes":["080000"],"dataType":"pdf","pdfName":"20210622053100_0_Z__J_080000_20210622053000_TID_INF_Jfchoui_NJ002n00_image.pdf","valid":"2021-06-29T05:30:00Z","validMap":"2021-06-23T07:30:00Z","pdfKbSize":111,"filename":"20210622053100_0_Z__J_080000_20210622053000_TID_INF_Jfchoui_NJ002n00_image.pdf","infoType":"発表","teiseiNum":0,"headTitle":"茨城県潮位情報 第２号（図）PDF形式111KB","serial":2,"reportDatetime":"2021-06-22T05:30:00Z","mapValidOut":true},{"controlTitle":"府県気象情報","datetime":"2021-06-22T06:59:20Z","editorialOffice":"福島地方気象台","publishingOffice":"福島地方気象台","headTitle":"大雨と雷及びひょうに関する福島県気象情報","reportDatetime":"2021-06-22T15:59:00+09:00","validDatetime":null,"eventId":"JPDE210022","infoType":"発表","serial":"1","areaType":"offices","areaCode":"070000","areaCodes":["070000"],"jsonName":"20210622065921_0_VPFJ50_070000","header":"VPFJ50","valid":"2021-06-29T06:59:00+00:00","validMap":"2021-06-23T08:59:00+00:00","dataType":"xml","targetDatetime":"2021-06-22T15:59:00+09:00","mapValidOut":true},{"controlTitle":"府県気象情報","datetime":"2021-06-22T08:10:37Z","editorialOffice":"気象庁本庁","publishingOffice":"気象庁","headTitle":"大雨に関する東京都（伊豆諸島南部）気象情報","reportDatetime":"2021-06-22T17:10:00+09:00","validDatetime":null,"eventId":"JPTK210071","infoType":"発表","serial":"1","areaType":"offices","areaCode":"130000","areaCodes":["130000"],"jsonName":"20210622081037_0_VPFJ50_130000","header":"VPFJ50","valid":"2021-06-29T08:10:00+00:00","validMap":"2021-06-23T10:10:00+00:00","dataType":"xml","targetDatetime":"2021-06-22T17:10:00+09:00","mapValidOut":true},{"controlTitle":"府県気象情報","datetime":"2021-06-22T08:19:06Z","editorialOffice":"旭川地方気象台","publishingOffice":"旭川地方気象台","headTitle":"大雨に関する上川・留萌地方気象情報","reportDatetime":"2021-06-22T17:19:00+09:00","validDatetime":null,"eventId":"JPSC210019","infoType":"発表","serial":"2","areaType":"offices","areaCode":"012000","areaCodes":["012000"],"jsonName":"20210622081907_0_VPFJ50_012000","header":"VPFJ50","valid":"2021-06-29T08:19:00+00:00","validMap":"2021-06-23T10:19:00+00:00","dataType":"xml","targetDatetime":"2021-06-22T17:19:00+09:00","mapValidOut":true},{"controlTitle":"府県気象情報","datetime":"2021-06-22T09:47:04Z","editorialOffice":"旭川地方気象台","publishingOffice":"旭川地方気象台","headTitle":"大雨に関する上川・留萌地方気象情報","reportDatetime":"2021-06-22T18:47:00+09:00","validDatetime":null,"eventId":"JPSC210019","infoType":"発表","serial":"3","areaType":"offices","areaCode":"012000","areaCodes":["012000"],"jsonName":"20210622094705_0_VPFJ50_012000","header":"VPFJ50","valid":"2021-06-29T09:47:00+00:00","validMap":"2021-06-23T11:47:00+00:00","dataType":"xml","targetDatetime":"2021-06-22T18:47:00+09:00","mapValidOut":true},{"controlTitle":"府県気象情報","datetime":"2021-06-22T10:08:37Z","editorialOffice":"福島地方気象台","publishingOffice":"福島地方気象台","headTitle":"大雨と雷及びひょうに関する福島県気象情報","reportDatetime":"2021-06-22T19:08:00+09:00","validDatetime":null,"eventId":"JPDE210022","infoType":"発表","serial":"2","areaType":"offices","areaCode":"070000","areaCodes":["070000"],"jsonName":"20210622100838_0_VPFJ50_070000","header":"VPFJ50","valid":"2021-06-29T10:08:00+00:00","validMap":"2021-06-23T12:08:00+00:00","dataType":"xml","targetDatetime":"2021-06-22T19:08:00+09:00","mapValidOut":true},{"controlTitle":"記録的短時間大雨情報","datetime":"2021-06-22T10:08:57Z","editorialOffice":"長野地方気象台","publishingOffice":"気象庁","headTitle":"長野県記録的短時間大雨情報","reportDatetime":"2021-06-22T19:08:00+09:00","validDatetime":null,"eventId":"JPTG202106221908_202106221908","infoType":"発表","serial":"1","areaType":"offices","areaCode":"200000","areaCodes":["200000"],"jsonName":"20210622100858_0_VPOA50_200000","header":"VPOA50","valid":"2021-06-29T10:08:00+00:00","validMap":"2021-06-22T16:08:00+00:00","dataType":"xml","targetDatetime":"2021-06-22T19:08:00+09:00","kirokuameItems":[{"status":"1","areaCode":"200000"}],"mapValidOut":true},{"controlTitle":"府県気象情報","datetime":"2021-06-22T10:49:03Z","editorialOffice":"長野地方気象台","publishingOffice":"長野地方気象台","headTitle":"大雨と雷及び降ひょうに関する長野県気象情報","reportDatetime":"2021-06-22T19:49:00+09:00","validDatetime":null,"eventId":"JPTG210019","infoType":"発表","serial":"1","areaType":"offices","areaCode":"200000","areaCodes":["200000"],"jsonName":"20210622104903_0_VPFJ50_200000","header":"VPFJ50","valid":"2021-06-29T10:49:00+00:00","validMap":"2021-06-23T12:49:00+00:00","dataType":"xml","targetDatetime":"2021-06-22T19:49:00+09:00","mapValidOut":true},{"controlTitle":"府県気象情報","datetime":"2021-06-22T13:04:35Z","editorialOffice":"長野地方気象台","publishingOffice":"長野地方気象台","headTitle":"大雨と雷及び降ひょうに関する長野県気象情報","reportDatetime":"2021-06-22T22:04:00+09:00","validDatetime":null,"eventId":"JPTG210019","infoType":"発表","serial":"2","areaType":"offices","areaCode":"200000","areaCodes":["200000"],"jsonName":"20210622130436_0_VPFJ50_200000","header":"VPFJ50","valid":"2021-06-29T13:04:00+00:00","validMap":"2021-06-23T15:04:00+00:00","dataType":"xml","targetDatetime":"2021-06-22T22:04:00+09:00","mapValidOut":true},{"controlTitle":"府県気象情報","datetime":"2021-06-22T20:36:32Z","editorialOffice":"気象庁本庁","publishingOffice":"気象庁","headTitle":"大雨に関する東京都（伊豆諸島南部）気象情報","reportDatetime":"2021-06-23T05:36:00+09:00","validDatetime":null,"eventId":"JPTK210071","infoType":"発表","serial":"2","areaType":"offices","areaCode":"130000","areaCodes":["130000"],"jsonName":"20210622203633_0_VPFJ50_130000","header":"VPFJ50","valid":"2021-06-29T20:36:00+00:00","validMap":"2021-06-23T22:36:00+00:00","dataType":"xml","targetDatetime":"2021-06-23T05:36:00+09:00","mapValidOut":true},{"controlTitle":"府県気象情報","datetime":"2021-06-22T23:01:40Z","editorialOffice":"山形地方気象台","publishingOffice":"山形地方気象台","headTitle":"大雨と雷及びひょうに関する山形県気象情報","reportDatetime":"2021-06-23T08:01:00+09:00","validDatetime":null,"eventId":"JPDD210019","infoType":"発表","serial":"1","areaType":"offices","areaCode":"060000","areaCodes":["060000"],"jsonName":"20210622230141_0_VPFJ50_060000","header":"VPFJ50","valid":"2021-06-29T23:01:00+00:00","validMap":"2021-06-24T01:01:00+00:00","dataType":"xml","targetDatetime":"2021-06-23T08:01:00+09:00","mapValidOut":true},{"controlTitle":"府県気象情報","datetime":"2021-06-23T01:49:21Z","editorialOffice":"旭川地方気象台","publishingOffice":"旭川地方気象台","headTitle":"大雨に関する上川・留萌地方気象情報","reportDatetime":"2021-06-23T10:49:00+09:00","validDatetime":null,"eventId":"JPSC210020","infoType":"発表","serial":"1","areaType":"offices","areaCode":"012000","areaCodes":["012000"],"jsonName":"20210623014922_0_VPFJ50_012000","header":"VPFJ50","valid":"2021-06-30T01:49:00+00:00","validMap":"2021-06-24T03:49:00+00:00","dataType":"xml","targetDatetime":"2021-06-23T10:49:00+09:00","mapValidOut":true},{"controlTitle":"府県気象情報","datetime":"2021-06-23T01:56:14Z","editorialOffice":"長野地方気象台","publishingOffice":"長野地方気象台","headTitle":"大雨と雷及び降ひょうに関する長野県気象情報","reportDatetime":"2021-06-23T10:56:00+09:00","validDatetime":null,"eventId":"JPTG210020","infoType":"発表","serial":"1","areaType":"offices","areaCode":"200000","areaCodes":["200000"],"jsonName":"20210623015614_0_VPFJ50_200000","header":"VPFJ50","valid":"2021-06-30T01:56:00+00:00","validMap":"2021-06-24T03:56:00+00:00","dataType":"xml","targetDatetime":"2021-06-23T10:56:00+09:00","mapValidOut":true},{"controlTitle":"府県気象情報","datetime":"2021-06-23T02:46:09Z","editorialOffice":"山形地方気象台","publishingOffice":"山形地方気象台","headTitle":"大雨と雷及びひょうに関する山形県気象情報","reportDatetime":"2021-06-23T11:46:00+09:00","validDatetime":null,"eventId":"JPDD210019","infoType":"発表","serial":"2","areaType":"offices","areaCode":"060000","areaCodes":["060000"],"jsonName":"20210623024610_0_VPFJ50_060000","header":"VPFJ50","valid":"2021-06-30T02:46:00+00:00","validMap":"2021-06-24T04:46:00+00:00","dataType":"xml","targetDatetime":"2021-06-23T11:46:00+09:00","mapValidOut":true},{"controlTitle":"府県気象情報","datetime":"2021-06-23T06:43:14Z","editorialOffice":"山形地方気象台","publishingOffice":"山形地方気象台","headTitle":"大雨と雷及びひょうに関する山形県気象情報","reportDatetime":"2021-06-23T15:43:00+09:00","validDatetime":null,"eventId":"JPDD210019","infoType":"発表","serial":"3","areaType":"offices","areaCode":"060000","areaCodes":["060000"],"jsonName":"20210623064314_0_VPFJ50_060000","header":"VPFJ50","valid":"2021-06-30T06:43:00+00:00","validMap":"2021-06-24T08:43:00+00:00","dataType":"xml","targetDatetime":"2021-06-23T15:43:00+09:00","mapValidOut":true},{"controlTitle":"府県気象情報","datetime":"2021-06-23T06:56:35Z","editorialOffice":"福島地方気象台","publishingOffice":"福島地方気象台","headTitle":"大雨と雷及びひょうに関する福島県気象情報","reportDatetime":"2021-06-23T15:56:00+09:00","validDatetime":null,"eventId":"JPDE210023","infoType":"発表","serial":"1","areaType":"offices","areaCode":"070000","areaCodes":["070000"],"jsonName":"20210623065635_0_VPFJ50_070000","header":"VPFJ50","valid":"2021-06-30T06:56:00+00:00","validMap":"2021-06-24T08:56:00+00:00","dataType":"xml","targetDatetime":"2021-06-23T15:56:00+09:00","mapValidOut":true},{"controlTitle":"地方気象情報","datetime":"2021-06-23T07:15:41Z","editorialOffice":"気象庁本庁","publishingOffice":"気象庁","headTitle":"雷と突風及び降ひょうに関する関東甲信地方気象情報","reportDatetime":"2021-06-23T16:15:00+09:00","validDatetime":null,"eventId":"JPTK210072","infoType":"発表","serial":"1","areaType":"centers","areaCode":"010300","areaCodes":["010300"],"jsonName":"20210623071542_0_VPCJ50_010300","header":"VPCJ50","valid":"2021-06-30T07:15:00+00:00","validMap":"2021-06-24T09:15:00+00:00","dataType":"xml","targetDatetime":"2021-06-23T16:15:00+09:00","mapValidOut":true},{"controlTitle":"府県気象情報","datetime":"2021-06-23T07:28:35Z","editorialOffice":"前橋地方気象台","publishingOffice":"前橋地方気象台","headTitle":"雷と突風及び降ひょうに関する群馬県気象情報","reportDatetime":"2021-06-23T16:28:00+09:00","validDatetime":null,"eventId":"JPTB210017","infoType":"発表","serial":"1","areaType":"offices","areaCode":"100000","areaCodes":["100000"],"jsonName":"20210623072835_0_VPFJ50_100000","header":"VPFJ50","valid":"2021-06-30T07:28:00+00:00","validMap":"2021-06-24T09:28:00+00:00","dataType":"xml","targetDatetime":"2021-06-23T16:28:00+09:00","mapValidOut":true},{"controlTitle":"府県気象情報","datetime":"2021-06-23T07:34:25Z","editorialOffice":"宇都宮地方気象台","publishingOffice":"宇都宮地方気象台","headTitle":"雷と突風及び降ひょうに関する栃木県気象情報","reportDatetime":"2021-06-23T16:34:00+09:00","validDatetime":null,"eventId":"JPTA210025","infoType":"発表","serial":"1","areaType":"offices","areaCode":"090000","areaCodes":["090000"],"jsonName":"20210623073425_0_VPFJ50_090000","header":"VPFJ50","valid":"2021-06-30T07:34:00+00:00","validMap":"2021-06-24T09:34:00+00:00","dataType":"xml","targetDatetime":"2021-06-23T16:34:00+09:00","mapValidOut":true},{"controlTitle":"府県気象情報","datetime":"2021-06-23T07:52:41Z","editorialOffice":"気象庁本庁","publishingOffice":"気象庁","headTitle":"大雨に関する東京都（伊豆諸島南部）気象情報","reportDatetime":"2021-06-23T16:52:00+09:00","validDatetime":null,"eventId":"JPTK210071","infoType":"発表","serial":"3","areaType":"offices","areaCode":"130000","areaCodes":["130000"],"jsonName":"20210623075242_0_VPFJ50_130000","header":"VPFJ50","valid":"2021-06-30T07:52:00+00:00","validMap":"2021-06-24T09:52:00+00:00","dataType":"xml","targetDatetime":"2021-06-23T16:52:00+09:00","mapValidOut":true},{"controlTitle":"府県気象情報","datetime":"2021-06-23T07:56:25Z","editorialOffice":"長野地方気象台","publishingOffice":"長野地方気象台","headTitle":"大雨と雷及び降ひょうに関する長野県気象情報","reportDatetime":"2021-06-23T16:56:00+09:00","validDatetime":null,"eventId":"JPTG210020","infoType":"発表","serial":"2","areaType":"offices","areaCode":"200000","areaCodes":["200000"],"jsonName":"20210623075625_0_VPFJ50_200000","header":"VPFJ50","valid":"2021-06-30T07:56:00+00:00","validMap":"2021-06-24T09:56:00+00:00","dataType":"xml","targetDatetime":"2021-06-23T16:56:00+09:00","mapValidOut":true},{"controlTitle":"府県気象情報","datetime":"2021-06-23T07:57:19Z","editorialOffice":"石垣島地方気象台","publishingOffice":"石垣島地方気象台","headTitle":"大雨と雷に関する八重山地方気象情報","reportDatetime":"2021-06-23T16:57:00+09:00","validDatetime":null,"eventId":"JPWC210019","infoType":"発表","serial":"1","areaType":"offices","areaCode":"474000","areaCodes":["474000"],"jsonName":"20210623075720_0_VPFJ50_474000","header":"VPFJ50","valid":"2021-06-30T07:57:00+00:00","validMap":"2021-06-24T09:57:00+00:00","dataType":"xml","targetDatetime":"2021-06-23T16:57:00+09:00","mapValidOut":true},{"controlTitle":"府県気象情報","datetime":"2021-06-23T08:12:07Z","editorialOffice":"山形地方気象台","publishingOffice":"山形地方気象台","headTitle":"大雨と雷及びひょうに関する山形県気象情報","reportDatetime":"2021-06-23T17:12:00+09:00","validDatetime":null,"eventId":"JPDD210019","infoType":"発表","serial":"4","areaType":"offices","areaCode":"060000","areaCodes":["060000"],"jsonName":"20210623081207_0_VPFJ50_060000","header":"VPFJ50","valid":"2021-06-30T08:12:00+00:00","validMap":"2021-06-24T10:12:00+00:00","dataType":"xml","targetDatetime":"2021-06-23T17:12:00+09:00","mapValidOut":true},{"controlTitle":"府県気象情報","datetime":"2021-06-23T09:30:51Z","editorialOffice":"福島地方気象台","publishingOffice":"福島地方気象台","headTitle":"大雨と雷及びひょうに関する福島県気象情報","reportDatetime":"2021-06-23T18:30:00+09:00","validDatetime":null,"eventId":"JPDE210023","infoType":"発表","serial":"2","areaType":"offices","areaCode":"070000","areaCodes":["070000"],"jsonName":"20210623093052_0_VPFJ50_070000","header":"VPFJ50","valid":"2021-06-30T09:30:00+00:00","validMap":"2021-06-24T11:30:00+00:00","dataType":"xml","targetDatetime":"2021-06-23T18:30:00+09:00","mapValidOut":true},{"controlTitle":"府県気象情報","datetime":"2021-06-23T09:41:48Z","editorialOffice":"石垣島地方気象台","publishingOffice":"石垣島地方気象台","headTitle":"大雨と雷に関する八重山地方気象情報","reportDatetime":"2021-06-23T18:41:00+09:00","validDatetime":null,"eventId":"JPWC210019","infoType":"発表","serial":"2","areaType":"offices","areaCode":"474000","areaCodes":["474000"],"jsonName":"20210623094148_0_VPFJ50_474000","header":"VPFJ50","valid":"2021-06-30T09:41:00+00:00","validMap":"2021-06-24T11:41:00+00:00","dataType":"xml","targetDatetime":"2021-06-23T18:41:00+09:00","mapValidOut":true},{"controlTitle":"府県気象情報","datetime":"2021-06-23T10:11:07Z","editorialOffice":"旭川地方気象台","publishingOffice":"旭川地方気象台","headTitle":"大雨に関する上川・留萌地方気象情報","reportDatetime":"2021-06-23T19:11:00+09:00","validDatetime":null,"eventId":"JPSC210020","infoType":"発表","serial":"2","areaType":"offices","areaCode":"012000","areaCodes":["012000"],"jsonName":"20210623101108_0_VPFJ50_012000","header":"VPFJ50","valid":"2021-06-30T10:11:00+00:00","validMap":"2021-06-24T12:11:00+00:00","dataType":"xml","targetDatetime":"2021-06-23T19:11:00+09:00","mapValidOut":true},{"controlTitle":"府県気象情報","datetime":"2021-06-23T11:31:18Z","editorialOffice":"山形地方気象台","publishingOffice":"山形地方気象台","headTitle":"大雨と雷及びひょうに関する山形県気象情報","reportDatetime":"2021-06-23T20:31:00+09:00","validDatetime":null,"eventId":"JPDD210019","infoType":"発表","serial":"5","areaType":"offices","areaCode":"060000","areaCodes":["060000"],"jsonName":"20210623113118_0_VPFJ50_060000","header":"VPFJ50","valid":"2021-06-30T11:31:00+00:00","validMap":"2021-06-24T13:31:00+00:00","dataType":"xml","targetDatetime":"2021-06-23T20:31:00+09:00","mapValidOut":true},{"controlTitle":"府県気象情報","datetime":"2021-06-23T11:45:53Z","editorialOffice":"石垣島地方気象台","publishingOffice":"石垣島地方気象台","headTitle":"大雨と雷に関する八重山地方気象情報","reportDatetime":"2021-06-23T20:45:00+09:00","validDatetime":null,"eventId":"JPWC210019","infoType":"発表","serial":"3","areaType":"offices","areaCode":"474000","areaCodes":["474000"],"jsonName":"20210623114554_0_VPFJ50_474000","header":"VPFJ50","valid":"2021-06-30T11:45:00+00:00","validMap":"2021-06-24T13:45:00+00:00","dataType":"xml","targetDatetime":"2021-06-23T20:45:00+09:00","mapValidOut":true},{"controlTitle":"府県気象情報","datetime":"2021-06-23T16:30:07Z","editorialOffice":"松山地方気象台","publishingOffice":"松山地方気象台","headTitle":"落雷と突風及び降ひょうに関する愛媛県気象情報","reportDatetime":"2021-06-24T01:30:00+09:00","validDatetime":null,"eventId":"JPMA210024","infoType":"発表","serial":"1","areaType":"offices","areaCode":"380000","areaCodes":["380000"],"jsonName":"20210623163008_0_VPFJ50_380000","header":"VPFJ50","valid":"2021-06-30T16:30:00+00:00","validMap":"2021-06-24T18:30:00+00:00","dataType":"xml","targetDatetime":"2021-06-24T01:30:00+09:00","mapValidOut":true},{"controlTitle":"府県気象情報","datetime":"2021-06-23T16:54:16Z","editorialOffice":"高知地方気象台","publishingOffice":"高知地方気象台","headTitle":"落雷と突風及び降ひょうに関する高知県気象情報","reportDatetime":"2021-06-24T01:54:00+09:00","validDatetime":null,"eventId":"JPMC210019","infoType":"発表","serial":"1","areaType":"offices","areaCode":"390000","areaCodes":["390000"],"jsonName":"20210623165417_0_VPFJ50_390000","header":"VPFJ50","valid":"2021-06-30T16:54:00+00:00","validMap":"2021-06-24T18:54:00+00:00","dataType":"xml","targetDatetime":"2021-06-24T01:54:00+09:00","mapValidOut":true},{"controlTitle":"地方気象情報","datetime":"2021-06-23T17:07:33Z","editorialOffice":"高松地方気象台","publishingOffice":"高松地方気象台","headTitle":"落雷と突風及び降ひょうに関する四国地方気象情報","reportDatetime":"2021-06-24T02:07:00+09:00","validDatetime":null,"eventId":"JPMT210030","infoType":"発表","serial":"1","areaType":"centers","areaCode":"010800","areaCodes":["010800"],"jsonName":"20210623170734_0_VPCJ50_010800","header":"VPCJ50","valid":"2021-06-30T17:07:00+00:00","validMap":"2021-06-24T19:07:00+00:00","dataType":"xml","targetDatetime":"2021-06-24T02:07:00+09:00","mapValidOut":true},{"controlTitle":"府県気象情報","datetime":"2021-06-23T20:00:11Z","editorialOffice":"徳島地方気象台","publishingOffice":"徳島地方気象台","headTitle":"落雷と突風及び降ひょうに関する徳島県気象情報","reportDatetime":"2021-06-24T05:00:00+09:00","validDatetime":null,"eventId":"JPMB210017","infoType":"発表","serial":"1","areaType":"offices","areaCode":"360000","areaCodes":["360000"],"jsonName":"20210623200011_0_VPFJ50_360000","header":"VPFJ50","valid":"2021-06-30T20:00:00+00:00","validMap":"2021-06-24T22:00:00+00:00","dataType":"xml","targetDatetime":"2021-06-24T05:00:00+09:00","mapValidOut":true},{"controlTitle":"府県気象情報","datetime":"2021-06-23T20:00:30Z","editorialOffice":"高松地方気象台","publishingOffice":"高松地方気象台","headTitle":"落雷と突風及び降ひょうに関する香川県気象情報","reportDatetime":"2021-06-24T05:00:00+09:00","validDatetime":null,"eventId":"JPMT210031","infoType":"発表","serial":"1","areaType":"offices","areaCode":"370000","areaCodes":["370000"],"jsonName":"20210623200031_0_VPFJ50_370000","header":"VPFJ50","valid":"2021-06-30T20:00:00+00:00","validMap":"2021-06-24T22:00:00+00:00","dataType":"xml","targetDatetime":"2021-06-24T05:00:00+09:00","mapValidOut":true},{"controlTitle":"地方気象情報","datetime":"2021-06-23T20:10:24Z","editorialOffice":"広島地方気象台","publishingOffice":"広島地方気象台","headTitle":"突風と降ひょう及び落雷に関する中国地方気象情報","reportDatetime":"2021-06-24T05:10:00+09:00","validDatetime":null,"eventId":"JPHR210030","infoType":"発表","serial":"1","areaType":"centers","areaCode":"010700","areaCodes":["010700"],"jsonName":"20210623201025_0_VPCJ50_010700","header":"VPCJ50","valid":"2021-06-30T20:10:00+00:00","validMap":"2021-06-24T22:10:00+00:00","dataType":"xml","targetDatetime":"2021-06-24T05:10:00+09:00","mapValidOut":true},{"controlTitle":"府県気象情報","datetime":"2021-06-23T20:13:16Z","editorialOffice":"岡山地方気象台","publishingOffice":"岡山地方気象台","headTitle":"突風と降ひょう及び落雷に関する岡山県気象情報","reportDatetime":"2021-06-24T05:13:00+09:00","validDatetime":null,"eventId":"JPHC210013","infoType":"発表","serial":"1","areaType":"offices","areaCode":"330000","areaCodes":["330000"],"jsonName":"20210623201317_0_VPFJ50_330000","header":"VPFJ50","valid":"2021-06-30T20:13:00+00:00","validMap":"2021-06-24T22:13:00+00:00","dataType":"xml","targetDatetime":"2021-06-24T05:13:00+09:00","mapValidOut":true},{"controlTitle":"府県気象情報","datetime":"2021-06-23T20:15:14Z","editorialOffice":"鳥取地方気象台","publishingOffice":"鳥取地方気象台","headTitle":"突風と降ひょう及び落雷に関する鳥取県気象情報","reportDatetime":"2021-06-24T05:15:00+09:00","validDatetime":null,"eventId":"JPHA210017","infoType":"発表","serial":"1","areaType":"offices","areaCode":"310000","areaCodes":["310000"],"jsonName":"20210623201515_0_VPFJ50_310000","header":"VPFJ50","valid":"2021-06-30T20:15:00+00:00","validMap":"2021-06-24T22:15:00+00:00","dataType":"xml","targetDatetime":"2021-06-24T05:15:00+09:00","mapValidOut":true},{"controlTitle":"府県気象情報","datetime":"2021-06-23T20:15:33Z","editorialOffice":"松江地方気象台","publishingOffice":"松江地方気象台","headTitle":"突風と降ひょう及び落雷に関する島根県気象情報","reportDatetime":"2021-06-24T05:15:00+09:00","validDatetime":null,"eventId":"JPHB210015","infoType":"発表","serial":"1","areaType":"offices","areaCode":"320000","areaCodes":["320000"],"jsonName":"20210623201533_0_VPFJ50_320000","header":"VPFJ50","valid":"2021-06-30T20:15:00+00:00","validMap":"2021-06-24T22:15:00+00:00","dataType":"xml","targetDatetime":"2021-06-24T05:15:00+09:00","mapValidOut":true},{"controlTitle":"府県気象情報","datetime":"2021-06-23T20:20:05Z","editorialOffice":"山形地方気象台","publishingOffice":"山形地方気象台","headTitle":"大雨と雷及びひょうに関する山形県気象情報","reportDatetime":"2021-06-24T05:20:00+09:00","validDatetime":null,"eventId":"JPDD210019","infoType":"発表","serial":"6","areaType":"offices","areaCode":"060000","areaCodes":["060000"],"jsonName":"20210623202006_0_VPFJ50_060000","header":"VPFJ50","valid":"2021-06-30T20:20:00+00:00","validMap":"2021-06-24T22:20:00+00:00","dataType":"xml","targetDatetime":"2021-06-24T05:20:00+09:00","mapValidOut":true},{"controlTitle":"地方気象情報","datetime":"2021-06-23T20:25:16Z","editorialOffice":"気象庁本庁","publishingOffice":"気象庁","headTitle":"雷と突風及び降ひょうに関する関東甲信地方気象情報","reportDatetime":"2021-06-24T05:25:00+09:00","validDatetime":null,"eventId":"JPTK210072","infoType":"発表","serial":"2","areaType":"centers","areaCode":"010300","areaCodes":["010300"],"jsonName":"20210623202517_0_VPCJ50_010300","header":"VPCJ50","valid":"2021-06-30T20:25:00+00:00","validMap":"2021-06-24T22:25:00+00:00","dataType":"xml","targetDatetime":"2021-06-24T05:25:00+09:00","mapValidOut":true},{"controlTitle":"府県気象情報","datetime":"2021-06-23T20:31:22Z","editorialOffice":"広島地方気象台","publishingOffice":"広島地方気象台","headTitle":"突風と降ひょう及び落雷に関する広島県気象情報","reportDatetime":"2021-06-24T05:15:00+09:00","validDatetime":null,"eventId":"JPHR210031","infoType":"訂正","serial":"1","areaType":"offices","areaCode":"340000","areaCodes":["340000"],"jsonName":"20210623203123_0_VPFJ50_340000","header":"VPFJ50","valid":"2021-06-30T20:15:00+00:00","validMap":"2021-06-24T22:15:00+00:00","dataType":"xml","targetDatetime":"2021-06-24T05:15:00+09:00","remove":true,"mapValidOut":true},{"controlTitle":"府県気象情報","datetime":"2021-06-23T20:33:15Z","editorialOffice":"宇都宮地方気象台","publishingOffice":"宇都宮地方気象台","headTitle":"雷と突風及び降ひょうに関する栃木県気象情報","reportDatetime":"2021-06-24T05:33:00+09:00","validDatetime":null,"eventId":"JPTA210025","infoType":"発表","serial":"2","areaType":"offices","areaCode":"090000","areaCodes":["090000"],"jsonName":"20210623203317_0_VPFJ50_090000","header":"VPFJ50","valid":"2021-06-30T20:33:00+00:00","validMap":"2021-06-24T22:33:00+00:00","dataType":"xml","targetDatetime":"2021-06-24T05:33:00+09:00","mapValidOut":true},{"controlTitle":"府県気象情報","datetime":"2021-06-23T20:37:18Z","editorialOffice":"前橋地方気象台","publishingOffice":"前橋地方気象台","headTitle":"雷と突風及び降ひょうに関する群馬県気象情報","reportDatetime":"2021-06-24T05:37:00+09:00","validDatetime":null,"eventId":"JPTB210017","infoType":"発表","serial":"2","areaType":"offices","areaCode":"100000","areaCodes":["100000"],"jsonName":"20210623203718_0_VPFJ50_100000","header":"VPFJ50","valid":"2021-06-30T20:37:00+00:00","validMap":"2021-06-24T22:37:00+00:00","dataType":"xml","targetDatetime":"2021-06-24T05:37:00+09:00","mapValidOut":true},{"controlTitle":"府県気象情報","datetime":"2021-06-23T20:43:42Z","editorialOffice":"長野地方気象台","publishingOffice":"長野地方気象台","headTitle":"大雨と雷及び降ひょうに関する長野県気象情報","reportDatetime":"2021-06-24T05:43:00+09:00","validDatetime":null,"eventId":"JPTG210020","infoType":"発表","serial":"3","areaType":"offices","areaCode":"200000","areaCodes":["200000"],"jsonName":"20210623204342_0_VPFJ50_200000","header":"VPFJ50","valid":"2021-06-30T20:43:00+00:00","validMap":"2021-06-24T22:43:00+00:00","dataType":"xml","targetDatetime":"2021-06-24T05:43:00+09:00","mapValidOut":true},{"controlTitle":"府県気象情報","datetime":"2021-06-24T02:00:03Z","editorialOffice":"青森地方気象台","publishingOffice":"青森地方気象台","headTitle":"大雨と雷及びひょうに関する青森県気象情報","reportDatetime":"2021-06-24T11:00:00+09:00","validDatetime":null,"eventId":"JPDA210016","infoType":"発表","serial":"1","areaType":"offices","areaCode":"020000","areaCodes":["020000"],"jsonName":"20210624020005_0_VPFJ50_020000","header":"VPFJ50","valid":"2021-07-01T02:00:00+00:00","validMap":"2021-06-25T04:00:00+00:00","dataType":"xml","targetDatetime":"2021-06-24T11:00:00+09:00","mapValidOut":true},{"controlTitle":"地方気象情報","datetime":"2021-06-24T02:02:07Z","editorialOffice":"気象庁本庁","publishingOffice":"気象庁","headTitle":"大雨と雷及び突風に関する関東甲信地方気象情報","reportDatetime":"2021-06-24T11:02:00+09:00","validDatetime":null,"eventId":"JPTK210072","infoType":"発表","serial":"3","areaType":"centers","areaCode":"010300","areaCodes":["010300"],"jsonName":"20210624020208_0_VPCJ50_010300","header":"VPCJ50","valid":"2021-07-01T02:02:00+00:00","validMap":"2021-06-25T04:02:00+00:00","dataType":"xml","targetDatetime":"2021-06-24T11:02:00+09:00","mapValidOut":true},{"controlTitle":"府県気象情報","datetime":"2021-06-24T02:14:49Z","editorialOffice":"宇都宮地方気象台","publishingOffice":"宇都宮地方気象台","headTitle":"大雨と雷及び突風に関する栃木県気象情報","reportDatetime":"2021-06-24T11:14:00+09:00","validDatetime":null,"eventId":"JPTA210025","infoType":"発表","serial":"3","areaType":"offices","areaCode":"090000","areaCodes":["090000"],"jsonName":"20210624021449_0_VPFJ50_090000","header":"VPFJ50","valid":"2021-07-01T02:14:00+00:00","validMap":"2021-06-25T04:14:00+00:00","dataType":"xml","targetDatetime":"2021-06-24T11:14:00+09:00","mapValidOut":true},{"controlTitle":"府県気象情報","datetime":"2021-06-24T02:16:06Z","editorialOffice":"沖縄気象台","publishingOffice":"沖縄気象台","headTitle":"大雨と雷及び突風に関する沖縄本島地方気象情報","reportDatetime":"2021-06-24T11:16:00+09:00","validDatetime":null,"eventId":"JPOK210028","infoType":"発表","serial":"1","areaType":"offices","areaCode":"471000","areaCodes":["471000"],"jsonName":"20210624021607_0_VPFJ50_471000","header":"VPFJ50","valid":"2021-07-01T02:16:00+00:00","validMap":"2021-06-25T04:16:00+00:00","dataType":"xml","targetDatetime":"2021-06-24T11:16:00+09:00","mapValidOut":true},{"controlTitle":"府県気象情報","datetime":"2021-06-24T05:34:19Z","editorialOffice":"徳島地方気象台","publishingOffice":"徳島地方気象台","headTitle":"大雨と落雷及び突風に関する徳島県気象情報","reportDatetime":"2021-06-24T14:34:00+09:00","validDatetime":null,"eventId":"JPMB210017","infoType":"発表","serial":"2","areaType":"offices","areaCode":"360000","areaCodes":["360000"],"jsonName":"20210624053420_0_VPFJ50_360000","header":"VPFJ50","valid":"2021-07-01T05:34:00+00:00","validMap":"2021-06-25T07:34:00+00:00","dataType":"xml","targetDatetime":"2021-06-24T14:34:00+09:00","mapValidOut":true},{"controlTitle":"地方気象情報","datetime":"2021-06-24T06:59:12Z","editorialOffice":"高松地方気象台","publishingOffice":"高松地方気象台","headTitle":"落雷と突風及び降ひょうに関する四国地方気象情報","reportDatetime":"2021-06-24T15:59:00+09:00","validDatetime":null,"eventId":"JPMT210030","infoType":"発表","serial":"2","areaType":"centers","areaCode":"010800","areaCodes":["010800"],"jsonName":"20210624065913_0_VPCJ50_010800","header":"VPCJ50","valid":"2021-07-01T06:59:00+00:00","validMap":"2021-06-25T08:59:00+00:00","dataType":"xml","targetDatetime":"2021-06-24T15:59:00+09:00","mapValidOut":true},{"controlTitle":"地方気象情報","datetime":"2021-06-24T07:00:22Z","editorialOffice":"仙台管区気象台","publishingOffice":"仙台管区気象台","headTitle":"大雨と雷及びひょうに関する東北地方気象情報","reportDatetime":"2021-06-24T16:00:00+09:00","validDatetime":null,"eventId":"JPSN210038","infoType":"発表","serial":"1","areaType":"centers","areaCode":"010200","areaCodes":["010200"],"jsonName":"20210624070023_0_VPCJ50_010200","header":"VPCJ50","valid":"2021-07-01T07:00:00+00:00","validMap":"2021-06-25T09:00:00+00:00","dataType":"xml","targetDatetime":"2021-06-24T16:00:00+09:00","mapValidOut":true},{"controlTitle":"府県気象情報","datetime":"2021-06-24T07:00:26Z","editorialOffice":"高知地方気象台","publishingOffice":"高知地方気象台","headTitle":"落雷と突風及び降ひょうに関する高知県気象情報","reportDatetime":"2021-06-24T16:00:00+09:00","validDatetime":null,"eventId":"JPMC210019","infoType":"発表","serial":"2","areaType":"offices","areaCode":"390000","areaCodes":["390000"],"jsonName":"20210624070026_0_VPFJ50_390000","header":"VPFJ50","valid":"2021-07-01T07:00:00+00:00","validMap":"2021-06-25T09:00:00+00:00","dataType":"xml","targetDatetime":"2021-06-24T16:00:00+09:00","mapValidOut":true},{"controlTitle":"府県気象情報","datetime":"2021-06-24T07:01:37Z","editorialOffice":"松山地方気象台","publishingOffice":"松山地方気象台","headTitle":"落雷と突風及び降ひょうに関する愛媛県気象情報","reportDatetime":"2021-06-24T16:01:00+09:00","validDatetime":null,"eventId":"JPMA210024","infoType":"発表","serial":"2","areaType":"offices","areaCode":"380000","areaCodes":["380000"],"jsonName":"20210624070138_0_VPFJ50_380000","header":"VPFJ50","valid":"2021-07-01T07:01:00+00:00","validMap":"2021-06-25T09:01:00+00:00","dataType":"xml","targetDatetime":"2021-06-24T16:01:00+09:00","mapValidOut":true},{"controlTitle":"府県気象情報","datetime":"2021-06-24T07:05:32Z","editorialOffice":"高松地方気象台","publishingOffice":"高松地方気象台","headTitle":"落雷と突風及び降ひょうに関する香川県気象情報","reportDatetime":"2021-06-24T16:05:00+09:00","validDatetime":null,"eventId":"JPMT210031","infoType":"発表","serial":"2","areaType":"offices","areaCode":"370000","areaCodes":["370000"],"jsonName":"20210624070532_0_VPFJ50_370000","header":"VPFJ50","valid":"2021-07-01T07:05:00+00:00","validMap":"2021-06-25T09:05:00+00:00","dataType":"xml","targetDatetime":"2021-06-24T16:05:00+09:00","mapValidOut":true},{"controlTitle":"地方気象情報","datetime":"2021-06-24T07:09:22Z","editorialOffice":"気象庁本庁","publishingOffice":"気象庁","headTitle":"大雨と雷及び突風に関する関東甲信地方気象情報","reportDatetime":"2021-06-24T16:09:00+09:00","validDatetime":null,"eventId":"JPTK210072","infoType":"発表","serial":"4","areaType":"centers","areaCode":"010300","areaCodes":["010300"],"jsonName":"20210624070922_0_VPCJ50_010300","header":"VPCJ50","valid":"2021-07-01T07:09:00+00:00","validMap":"2021-06-25T09:09:00+00:00","dataType":"xml","targetDatetime":"2021-06-24T16:09:00+09:00","mapValidOut":true},{"controlTitle":"府県気象情報","datetime":"2021-06-24T07:18:43Z","editorialOffice":"前橋地方気象台","publishingOffice":"前橋地方気象台","headTitle":"雷と突風及び降ひょうに関する群馬県気象情報","reportDatetime":"2021-06-24T16:18:00+09:00","validDatetime":null,"eventId":"JPTB210017","infoType":"発表","serial":"3","areaType":"offices","areaCode":"100000","areaCodes":["100000"],"jsonName":"20210624071844_0_VPFJ50_100000","header":"VPFJ50","valid":"2021-07-01T07:18:00+00:00","validMap":"2021-06-25T09:18:00+00:00","dataType":"xml","targetDatetime":"2021-06-24T16:18:00+09:00","mapValidOut":true},{"controlTitle":"府県気象情報","datetime":"2021-06-24T07:21:10Z","editorialOffice":"徳島地方気象台","publishingOffice":"徳島地方気象台","headTitle":"大雨と落雷及び突風に関する徳島県気象情報","reportDatetime":"2021-06-24T16:21:00+09:00","validDatetime":null,"eventId":"JPMB210017","infoType":"発表","serial":"3","areaType":"offices","areaCode":"360000","areaCodes":["360000"],"jsonName":"20210624072111_0_VPFJ50_360000","header":"VPFJ50","valid":"2021-07-01T07:21:00+00:00","validMap":"2021-06-25T09:21:00+00:00","dataType":"xml","targetDatetime":"2021-06-24T16:21:00+09:00","mapValidOut":true},{"controlTitle":"府県気象情報","datetime":"2021-06-24T07:22:25Z","editorialOffice":"気象庁本庁","publishingOffice":"気象庁","headTitle":"台風第５号に関する東京都（小笠原諸島）気象情報","reportDatetime":"2021-06-24T16:22:00+09:00","validDatetime":null,"eventId":"JPTK210073","infoType":"発表","serial":"1","areaType":"offices","areaCode":"130000","areaCodes":["130000"],"jsonName":"20210624072225_0_VPFJ50_130000","header":"VPFJ50","valid":"2021-07-01T07:22:00+00:00","validMap":"2021-06-25T09:22:00+00:00","dataType":"xml","targetDatetime":"2021-06-24T16:22:00+09:00","mapValidOut":true},{"controlTitle":"府県気象情報","datetime":"2021-06-24T07:27:21Z","editorialOffice":"長野地方気象台","publishingOffice":"長野地方気象台","headTitle":"大雨と雷及び降ひょうに関する長野県気象情報","reportDatetime":"2021-06-24T16:27:00+09:00","validDatetime":null,"eventId":"JPTG210020","infoType":"発表","serial":"4","areaType":"offices","areaCode":"200000","areaCodes":["200000"],"jsonName":"20210624072722_0_VPFJ50_200000","header":"VPFJ50","valid":"2021-07-01T07:27:00+00:00","validMap":"2021-06-25T09:27:00+00:00","dataType":"xml","targetDatetime":"2021-06-24T16:27:00+09:00","mapValidOut":true},{"controlTitle":"府県気象情報","datetime":"2021-06-24T07:41:22Z","editorialOffice":"山形地方気象台","publishingOffice":"山形地方気象台","headTitle":"大雨と雷及びひょうに関する山形県気象情報","reportDatetime":"2021-06-24T16:41:00+09:00","validDatetime":null,"eventId":"JPDD210019","infoType":"発表","serial":"7","areaType":"offices","areaCode":"060000","areaCodes":["060000"],"jsonName":"20210624074123_0_VPFJ50_060000","header":"VPFJ50","valid":"2021-07-01T07:41:00+00:00","validMap":"2021-06-25T09:41:00+00:00","dataType":"xml","targetDatetime":"2021-06-24T16:41:00+09:00","mapValidOut":true},{"controlTitle":"全般台風情報","datetime":"2021-06-24T07:49:58Z","editorialOffice":"気象庁本庁","publishingOffice":"気象庁","headTitle":"令和３年　台風第５号に関する情報　第２号","reportDatetime":"2021-06-24T16:49:00+09:00","validDatetime":null,"eventId":"TC2106","infoType":"発表","serial":"2","areaType":"japan","areaCode":"010000","areaCodes":["010000"],"jsonName":"20210624074958_0_VPTI50_010000","header":"VPTI50","valid":"2021-07-01T07:49:00+00:00","validMap":"2021-06-25T07:49:00+00:00","dataType":"xml","targetDatetime":"2021-06-24T16:49:00+09:00","mapValidOut":true},{"controlTitle":"府県気象情報","datetime":"2021-06-24T07:52:25Z","editorialOffice":"福島地方気象台","publishingOffice":"福島地方気象台","headTitle":"大雨と雷及びひょうに関する福島県気象情報","reportDatetime":"2021-06-24T16:52:00+09:00","validDatetime":null,"eventId":"JPDE210024","infoType":"発表","serial":"1","areaType":"offices","areaCode":"070000","areaCodes":["070000"],"jsonName":"20210624075225_0_VPFJ50_070000","header":"VPFJ50","valid":"2021-07-01T07:52:00+00:00","validMap":"2021-06-25T09:52:00+00:00","dataType":"xml","targetDatetime":"2021-06-24T16:52:00+09:00","mapValidOut":true},{"controlTitle":"府県気象情報","datetime":"2021-06-24T07:58:28Z","editorialOffice":"青森地方気象台","publishingOffice":"青森地方気象台","headTitle":"大雨と雷及びひょうに関する青森県気象情報","reportDatetime":"2021-06-24T16:23:00+09:00","validDatetime":null,"eventId":"JPDA210016","infoType":"訂正","serial":"2","areaType":"offices","areaCode":"020000","areaCodes":["020000"],"jsonName":"20210624075829_0_VPFJ50_020000","header":"VPFJ50","valid":"2021-07-01T07:23:00+00:00","validMap":"2021-06-25T09:23:00+00:00","dataType":"xml","targetDatetime":"2021-06-24T16:23:00+09:00","remove":true,"mapValidOut":true},{"controlTitle":"府県気象情報","datetime":"2021-06-24T08:15:09Z","editorialOffice":"宇都宮地方気象台","publishingOffice":"宇都宮地方気象台","headTitle":"大雨と雷及び突風に関する栃木県気象情報","reportDatetime":"2021-06-24T17:15:00+09:00","validDatetime":null,"eventId":"JPTA210025","infoType":"発表","serial":"4","areaType":"offices","areaCode":"090000","areaCodes":["090000"],"jsonName":"20210624081509_0_VPFJ50_090000","header":"VPFJ50","valid":"2021-07-01T08:15:00+00:00","validMap":"2021-06-25T10:15:00+00:00","dataType":"xml","targetDatetime":"2021-06-24T17:15:00+09:00","mapValidOut":true},{"controlTitle":"府県気象情報","datetime":"2021-06-24T08:46:46Z","editorialOffice":"盛岡地方気象台","publishingOffice":"盛岡地方気象台","headTitle":"大雨と雷及びひょうに関する岩手県気象情報","reportDatetime":"2021-06-24T17:46:00+09:00","validDatetime":null,"eventId":"JPDC210022","infoType":"発表","serial":"1","areaType":"offices","areaCode":"030000","areaCodes":["030000"],"jsonName":"20210624084646_0_VPFJ50_030000","header":"VPFJ50","valid":"2021-07-01T08:46:00+00:00","validMap":"2021-06-25T10:46:00+00:00","dataType":"xml","targetDatetime":"2021-06-24T17:46:00+09:00","mapValidOut":true},{"controlTitle":"地方気象情報","datetime":"2021-06-24T08:49:33Z","editorialOffice":"仙台管区気象台","publishingOffice":"仙台管区気象台","headTitle":"大雨と雷及びひょうに関する東北地方気象情報","reportDatetime":"2021-06-24T17:49:00+09:00","validDatetime":null,"eventId":"JPSN210038","infoType":"発表","serial":"2","areaType":"centers","areaCode":"010200","areaCodes":["010200"],"jsonName":"20210624084933_0_VPCJ50_010200","header":"VPCJ50","valid":"2021-07-01T08:49:00+00:00","validMap":"2021-06-25T10:49:00+00:00","dataType":"xml","targetDatetime":"2021-06-24T17:49:00+09:00","mapValidOut":true},{"controlTitle":"府県気象情報","datetime":"2021-06-24T09:48:31Z","editorialOffice":"徳島地方気象台","publishingOffice":"徳島地方気象台","headTitle":"大雨と落雷及び突風に関する徳島県気象情報","reportDatetime":"2021-06-24T18:48:00+09:00","validDatetime":null,"eventId":"JPMB210017","infoType":"発表","serial":"4","areaType":"offices","areaCode":"360000","areaCodes":["360000"],"jsonName":"20210624094832_0_VPFJ50_360000","header":"VPFJ50","valid":"2021-07-01T09:48:00+00:00","validMap":"2021-06-25T11:48:00+00:00","dataType":"xml","targetDatetime":"2021-06-24T18:48:00+09:00","mapValidOut":true},{"controlTitle":"府県気象情報","datetime":"2021-06-24T10:29:23Z","editorialOffice":"山形地方気象台","publishingOffice":"山形地方気象台","headTitle":"大雨と雷及びひょうに関する山形県気象情報","reportDatetime":"2021-06-24T19:29:00+09:00","validDatetime":null,"eventId":"JPDD210019","infoType":"発表","serial":"8","areaType":"offices","areaCode":"060000","areaCodes":["060000"],"jsonName":"20210624102923_0_VPFJ50_060000","header":"VPFJ50","valid":"2021-07-01T10:29:00+00:00","validMap":"2021-06-25T12:29:00+00:00","dataType":"xml","targetDatetime":"2021-06-24T19:29:00+09:00","mapValidOut":true},{"controlTitle":"府県気象情報","datetime":"2021-06-24T11:25:15Z","editorialOffice":"福島地方気象台","publishingOffice":"福島地方気象台","headTitle":"大雨と雷及びひょうに関する福島県気象情報","reportDatetime":"2021-06-24T20:25:00+09:00","validDatetime":null,"eventId":"JPDE210024","infoType":"発表","serial":"2","areaType":"offices","areaCode":"070000","areaCodes":["070000"],"jsonName":"20210624112516_0_VPFJ50_070000","header":"VPFJ50","valid":"2021-07-01T11:25:00+00:00","validMap":"2021-06-25T13:25:00+00:00","dataType":"xml","targetDatetime":"2021-06-24T20:25:00+09:00"},{"controlTitle":"府県気象情報","datetime":"2021-06-24T14:21:40Z","editorialOffice":"前橋地方気象台","publishingOffice":"前橋地方気象台","headTitle":"雷と突風及び降ひょうに関する群馬県気象情報","reportDatetime":"2021-06-24T23:21:00+09:00","validDatetime":null,"eventId":"JPTB210017","infoType":"発表","serial":"4","areaType":"offices","areaCode":"100000","areaCodes":["100000"],"jsonName":"20210624142141_0_VPFJ50_100000","header":"VPFJ50","valid":"2021-07-01T14:21:00+00:00","validMap":"2021-06-25T16:21:00+00:00","dataType":"xml","targetDatetime":"2021-06-24T23:21:00+09:00"},{"controlTitle":"府県気象情報","datetime":"2021-06-24T14:30:33Z","editorialOffice":"盛岡地方気象台","publishingOffice":"盛岡地方気象台","headTitle":"大雨と雷及びひょうに関する岩手県気象情報","reportDatetime":"2021-06-24T23:30:00+09:00","validDatetime":null,"eventId":"JPDC210022","infoType":"発表","serial":"2","areaType":"offices","areaCode":"030000","areaCodes":["030000"],"jsonName":"20210624143034_0_VPFJ50_030000","header":"VPFJ50","valid":"2021-07-01T14:30:00+00:00","validMap":"2021-06-25T16:30:00+00:00","dataType":"xml","targetDatetime":"2021-06-24T23:30:00+09:00"},{"controlTitle":"地方気象情報","datetime":"2021-06-24T14:32:48Z","editorialOffice":"仙台管区気象台","publishingOffice":"仙台管区気象台","headTitle":"大雨と雷及びひょうに関する東北地方気象情報","reportDatetime":"2021-06-24T23:32:00+09:00","validDatetime":null,"eventId":"JPSN210038","infoType":"発表","serial":"3","areaType":"centers","areaCode":"010200","areaCodes":["010200"],"jsonName":"20210624143249_0_VPCJ50_010200","header":"VPCJ50","valid":"2021-07-01T14:32:00+00:00","validMap":"2021-06-25T16:32:00+00:00","dataType":"xml","targetDatetime":"2021-06-24T23:32:00+09:00"},{"controlTitle":"府県気象情報","datetime":"2021-06-24T14:51:02Z","editorialOffice":"宇都宮地方気象台","publishingOffice":"宇都宮地方気象台","headTitle":"大雨と雷及び突風に関する栃木県気象情報","reportDatetime":"2021-06-24T23:51:00+09:00","validDatetime":null,"eventId":"JPTA210025","infoType":"発表","serial":"5","areaType":"offices","areaCode":"090000","areaCodes":["090000"],"jsonName":"20210624145102_0_VPFJ50_090000","header":"VPFJ50","valid":"2021-07-01T14:51:00+00:00","validMap":"2021-06-25T16:51:00+00:00","dataType":"xml","targetDatetime":"2021-06-24T23:51:00+09:00"},{"controlTitle":"地方気象情報","datetime":"2021-06-24T14:55:23Z","editorialOffice":"気象庁本庁","publishingOffice":"気象庁","headTitle":"大雨と雷及び突風に関する関東甲信地方気象情報","reportDatetime":"2021-06-24T23:55:00+09:00","validDatetime":null,"eventId":"JPTK210072","infoType":"発表","serial":"5","areaType":"centers","areaCode":"010300","areaCodes":["010300"],"jsonName":"20210624145523_0_VPCJ50_010300","header":"VPCJ50","valid":"2021-07-01T14:55:00+00:00","validMap":"2021-06-25T16:55:00+00:00","dataType":"xml","targetDatetime":"2021-06-24T23:55:00+09:00"},{"controlTitle":"府県気象情報","datetime":"2021-06-24T19:05:34Z","editorialOffice":"沖縄気象台","publishingOffice":"沖縄気象台","headTitle":"大雨と雷及び突風に関する沖縄本島地方気象情報","reportDatetime":"2021-06-25T04:05:00+09:00","validDatetime":null,"eventId":"JPOK210028","infoType":"発表","serial":"2","areaType":"offices","areaCode":"471000","areaCodes":["471000"],"jsonName":"20210624190535_0_VPFJ50_471000","header":"VPFJ50","valid":"2021-07-01T19:05:00+00:00","validMap":"2021-06-25T21:05:00+00:00","dataType":"xml","targetDatetime":"2021-06-25T04:05:00+09:00"},{"controlTitle":"全般台風情報","datetime":"2021-06-24T20:00:29Z","editorialOffice":"気象庁本庁","publishingOffice":"気象庁","headTitle":"令和３年　台風第５号に関する情報　第７号","reportDatetime":"2021-06-25T05:00:00+09:00","validDatetime":null,"eventId":"TC2106","infoType":"発表","serial":"7","areaType":"japan","areaCode":"010000","areaCodes":["010000"],"jsonName":"20210624200030_0_VPTI50_010000","header":"VPTI50","valid":"2021-07-01T20:00:00+00:00","validMap":"2021-06-25T20:00:00+00:00","dataType":"xml","targetDatetime":"2021-06-25T05:00:00+09:00"},{"controlTitle":"地方気象情報","datetime":"2021-06-24T20:01:47Z","editorialOffice":"広島地方気象台","publishingOffice":"広島地方気象台","headTitle":"突風と降ひょう及び落雷に関する中国地方気象情報","reportDatetime":"2021-06-25T05:01:00+09:00","validDatetime":null,"eventId":"JPHR210032","infoType":"発表","serial":"1","areaType":"centers","areaCode":"010700","areaCodes":["010700"],"jsonName":"20210624200147_0_VPCJ50_010700","header":"VPCJ50","valid":"2021-07-01T20:01:00+00:00","validMap":"2021-06-25T22:01:00+00:00","dataType":"xml","targetDatetime":"2021-06-25T05:01:00+09:00"},{"controlTitle":"府県気象情報","datetime":"2021-06-24T20:02:24Z","editorialOffice":"岡山地方気象台","publishingOffice":"岡山地方気象台","headTitle":"突風と降ひょう及び落雷に関する岡山県気象情報","reportDatetime":"2021-06-25T05:02:00+09:00","validDatetime":null,"eventId":"JPHC210014","infoType":"発表","serial":"1","areaType":"offices","areaCode":"330000","areaCodes":["330000"],"jsonName":"20210624200224_0_VPFJ50_330000","header":"VPFJ50","valid":"2021-07-01T20:02:00+00:00","validMap":"2021-06-25T22:02:00+00:00","dataType":"xml","targetDatetime":"2021-06-25T05:02:00+09:00"},{"controlTitle":"府県気象情報","datetime":"2021-06-24T20:02:41Z","editorialOffice":"広島地方気象台","publishingOffice":"広島地方気象台","headTitle":"突風と降ひょう及び落雷に関する広島県気象情報","reportDatetime":"2021-06-25T05:02:00+09:00","validDatetime":null,"eventId":"JPHR210033","infoType":"発表","serial":"1","areaType":"offices","areaCode":"340000","areaCodes":["340000"],"jsonName":"20210624200241_0_VPFJ50_340000","header":"VPFJ50","valid":"2021-07-01T20:02:00+00:00","validMap":"2021-06-25T22:02:00+00:00","dataType":"xml","targetDatetime":"2021-06-25T05:02:00+09:00"},{"controlTitle":"府県気象情報","datetime":"2021-06-24T20:02:51Z","editorialOffice":"松江地方気象台","publishingOffice":"松江地方気象台","headTitle":"突風と降ひょう及び落雷に関する島根県気象情報","reportDatetime":"2021-06-25T05:02:00+09:00","validDatetime":null,"eventId":"JPHB210016","infoType":"発表","serial":"1","areaType":"offices","areaCode":"320000","areaCodes":["320000"],"jsonName":"20210624200252_0_VPFJ50_320000","header":"VPFJ50","valid":"2021-07-01T20:02:00+00:00","validMap":"2021-06-25T22:02:00+00:00","dataType":"xml","targetDatetime":"2021-06-25T05:02:00+09:00"},{"controlTitle":"地方気象情報","datetime":"2021-06-24T20:03:54Z","editorialOffice":"気象庁本庁","publishingOffice":"気象庁","headTitle":"大雨と雷及び降ひょうに関する関東甲信地方気象情報","reportDatetime":"2021-06-25T05:03:00+09:00","validDatetime":null,"eventId":"JPTK210074","infoType":"発表","serial":"1","areaType":"centers","areaCode":"010300","areaCodes":["010300"],"jsonName":"20210624200355_0_VPCJ50_010300","header":"VPCJ50","valid":"2021-07-01T20:03:00+00:00","validMap":"2021-06-25T22:03:00+00:00","dataType":"xml","targetDatetime":"2021-06-25T05:03:00+09:00"},{"controlTitle":"府県気象情報","datetime":"2021-06-24T20:03:39Z","editorialOffice":"鳥取地方気象台","publishingOffice":"鳥取地方気象台","headTitle":"突風と降ひょう及び落雷に関する鳥取県気象情報","reportDatetime":"2021-06-25T05:03:00+09:00","validDatetime":null,"eventId":"JPHA210018","infoType":"発表","serial":"1","areaType":"offices","areaCode":"310000","areaCodes":["310000"],"jsonName":"20210624200339_0_VPFJ50_310000","header":"VPFJ50","valid":"2021-07-01T20:03:00+00:00","validMap":"2021-06-25T22:03:00+00:00","dataType":"xml","targetDatetime":"2021-06-25T05:03:00+09:00"},{"controlTitle":"府県気象情報","datetime":"2021-06-24T20:36:31Z","editorialOffice":"長野地方気象台","publishingOffice":"長野地方気象台","headTitle":"大雨と雷及び降ひょうに関する長野県気象情報","reportDatetime":"2021-06-25T05:36:00+09:00","validDatetime":null,"eventId":"JPTG210020","infoType":"発表","serial":"5","areaType":"offices","areaCode":"200000","areaCodes":["200000"],"jsonName":"20210624203631_0_VPFJ50_200000","header":"VPFJ50","valid":"2021-07-01T20:36:00+00:00","validMap":"2021-06-25T22:36:00+00:00","dataType":"xml","targetDatetime":"2021-06-25T05:36:00+09:00"},{"controlTitle":"府県気象情報","datetime":"2021-06-24T20:40:11Z","editorialOffice":"彦根地方気象台","publishingOffice":"彦根地方気象台","headTitle":"突風と落雷に関する滋賀県気象情報","reportDatetime":"2021-06-25T05:40:00+09:00","validDatetime":null,"eventId":"JPOD210016","infoType":"発表","serial":"1","areaType":"offices","areaCode":"250000","areaCodes":["250000"],"jsonName":"20210624204011_0_VPFJ50_250000","header":"VPFJ50","valid":"2021-07-01T20:40:00+00:00","validMap":"2021-06-25T22:40:00+00:00","dataType":"xml","targetDatetime":"2021-06-25T05:40:00+09:00"},{"controlTitle":"府県気象情報","datetime":"2021-06-24T20:51:26Z","editorialOffice":"気象庁本庁","publishingOffice":"気象庁","headTitle":"台風第５号に関する東京都（小笠原諸島）気象情報","reportDatetime":"2021-06-25T05:51:00+09:00","validDatetime":null,"eventId":"JPTK210073","infoType":"発表","serial":"2","areaType":"offices","areaCode":"130000","areaCodes":["130000"],"jsonName":"20210624205127_0_VPFJ50_130000","header":"VPFJ50","valid":"2021-07-01T20:51:00+00:00","validMap":"2021-06-25T22:51:00+00:00","dataType":"xml","targetDatetime":"2021-06-25T05:51:00+09:00"},{"controlTitle":"府県気象情報","datetime":"2021-06-24T20:59:33Z","editorialOffice":"前橋地方気象台","publishingOffice":"前橋地方気象台","headTitle":"大雨と雷及び降ひょうに関する群馬県気象情報","reportDatetime":"2021-06-25T05:59:00+09:00","validDatetime":null,"eventId":"JPTB210018","infoType":"発表","serial":"1","areaType":"offices","areaCode":"100000","areaCodes":["100000"],"jsonName":"20210624205934_0_VPFJ50_100000","header":"VPFJ50","valid":"2021-07-01T20:59:00+00:00","validMap":"2021-06-25T22:59:00+00:00","dataType":"xml","targetDatetime":"2021-06-25T05:59:00+09:00"},{"controlTitle":"府県気象情報","datetime":"2021-06-24T21:00:11Z","editorialOffice":"福島地方気象台","publishingOffice":"福島地方気象台","headTitle":"大雨と雷及びひょうに関する福島県気象情報","reportDatetime":"2021-06-25T06:00:00+09:00","validDatetime":null,"eventId":"JPDE210025","infoType":"発表","serial":"1","areaType":"offices","areaCode":"070000","areaCodes":["070000"],"jsonName":"20210624210012_0_VPFJ50_070000","header":"VPFJ50","valid":"2021-07-01T21:00:00+00:00","validMap":"2021-06-25T23:00:00+00:00","dataType":"xml","targetDatetime":"2021-06-25T06:00:00+09:00"},{"controlTitle":"府県気象情報","datetime":"2021-06-24T22:01:07Z","editorialOffice":"横浜地方気象台","publishingOffice":"横浜地方気象台","headTitle":"大雨と雷及び降ひょうに関する神奈川県気象情報","reportDatetime":"2021-06-25T07:01:00+09:00","validDatetime":null,"eventId":"JPTF210022","infoType":"発表","serial":"1","areaType":"offices","areaCode":"140000","areaCodes":["140000"],"jsonName":"20210624220107_0_VPFJ50_140000","header":"VPFJ50","valid":"2021-07-01T22:01:00+00:00","validMap":"2021-06-26T00:01:00+00:00","dataType":"xml","targetDatetime":"2021-06-25T07:01:00+09:00"},{"controlTitle":"府県気象情報","datetime":"2021-06-25T01:58:34Z","editorialOffice":"横浜地方気象台","publishingOffice":"横浜地方気象台","headTitle":"大雨と雷及び降ひょうに関する神奈川県気象情報","reportDatetime":"2021-06-25T10:58:00+09:00","validDatetime":null,"eventId":"JPTF210022","infoType":"発表","serial":"2","areaType":"offices","areaCode":"140000","areaCodes":["140000"],"jsonName":"20210625015835_0_VPFJ50_140000","header":"VPFJ50","valid":"2021-07-02T01:58:00+00:00","validMap":"2021-06-26T03:58:00+00:00","dataType":"xml","targetDatetime":"2021-06-25T10:58:00+09:00"},{"controlTitle":"府県気象情報","datetime":"2021-06-25T02:00:20Z","editorialOffice":"宇都宮地方気象台","publishingOffice":"宇都宮地方気象台","headTitle":"大雨と雷及び降ひょうに関する栃木県気象情報","reportDatetime":"2021-06-25T11:00:00+09:00","validDatetime":null,"eventId":"JPTA210026","infoType":"発表","serial":"1","areaType":"offices","areaCode":"090000","areaCodes":["090000"],"jsonName":"20210625020020_0_VPFJ50_090000","header":"VPFJ50","valid":"2021-07-02T02:00:00+00:00","validMap":"2021-06-26T04:00:00+00:00","dataType":"xml","targetDatetime":"2021-06-25T11:00:00+09:00"},{"controlTitle":"府県気象情報","datetime":"2021-06-25T06:56:06Z","editorialOffice":"沖縄気象台","publishingOffice":"沖縄気象台","headTitle":"大雨と雷及び突風に関する沖縄本島地方気象情報","reportDatetime":"2021-06-25T15:56:00+09:00","validDatetime":null,"eventId":"JPOK210028","infoType":"発表","serial":"3","areaType":"offices","areaCode":"471000","areaCodes":["471000"],"jsonName":"20210625065606_0_VPFJ50_471000","header":"VPFJ50","valid":"2021-07-02T06:56:00+00:00","validMap":"2021-06-26T08:56:00+00:00","dataType":"xml","targetDatetime":"2021-06-25T15:56:00+09:00"},{"controlTitle":"府県気象情報","datetime":"2021-06-25T07:10:28Z","editorialOffice":"徳島地方気象台","publishingOffice":"徳島地方気象台","headTitle":"大雨に関する徳島県気象情報","reportDatetime":"2021-06-25T16:10:00+09:00","validDatetime":null,"eventId":"JPMB210018","infoType":"発表","serial":"1","areaType":"offices","areaCode":"360000","areaCodes":["360000"],"jsonName":"20210625071029_0_VPFJ50_360000","header":"VPFJ50","valid":"2021-07-02T07:10:00+00:00","validMap":"2021-06-26T09:10:00+00:00","dataType":"xml","targetDatetime":"2021-06-25T16:10:00+09:00"},{"controlTitle":"府県気象情報","datetime":"2021-06-25T07:21:25Z","editorialOffice":"前橋地方気象台","publishingOffice":"前橋地方気象台","headTitle":"大雨と雷及び降ひょうに関する群馬県気象情報","reportDatetime":"2021-06-25T16:21:00+09:00","validDatetime":null,"eventId":"JPTB210018","infoType":"発表","serial":"2","areaType":"offices","areaCode":"100000","areaCodes":["100000"],"jsonName":"20210625072126_0_VPFJ50_100000","header":"VPFJ50","valid":"2021-07-02T07:21:00+00:00","validMap":"2021-06-26T09:21:00+00:00","dataType":"xml","targetDatetime":"2021-06-25T16:21:00+09:00"},{"controlTitle":"府県気象情報","datetime":"2021-06-25T07:30:27Z","editorialOffice":"名瀬測候所","publishingOffice":"名瀬測候所","headTitle":"大雨と突風に関する奄美地方（鹿児島県）気象情報","reportDatetime":"2021-06-25T16:30:00+09:00","validDatetime":null,"eventId":"JPKC210017","infoType":"発表","serial":"1","areaType":"offices","areaCode":"460040","areaCodes":["460040"],"jsonName":"20210625073028_0_VPFJ50_460040","header":"VPFJ50","valid":"2021-07-02T07:30:00+00:00","validMap":"2021-06-26T09:30:00+00:00","dataType":"xml","targetDatetime":"2021-06-25T16:30:00+09:00"},{"controlTitle":"全般台風情報","datetime":"2021-06-25T07:33:07Z","editorialOffice":"気象庁本庁","publishingOffice":"気象庁","headTitle":"令和３年　台風第５号に関する情報　第１２号","reportDatetime":"2021-06-25T16:33:00+09:00","validDatetime":null,"eventId":"TC2106","infoType":"発表","serial":"12","areaType":"japan","areaCode":"010000","areaCodes":["010000"],"jsonName":"20210625073308_0_VPTI50_010000","header":"VPTI50","valid":"2021-07-02T07:33:00+00:00","validMap":"2021-06-26T07:33:00+00:00","dataType":"xml","targetDatetime":"2021-06-25T16:33:00+09:00"},{"controlTitle":"府県気象情報","datetime":"2021-06-25T07:35:35Z","editorialOffice":"宇都宮地方気象台","publishingOffice":"宇都宮地方気象台","headTitle":"大雨と雷及び降ひょうに関する栃木県気象情報","reportDatetime":"2021-06-25T16:35:00+09:00","validDatetime":null,"eventId":"JPTA210026","infoType":"発表","serial":"2","areaType":"offices","areaCode":"090000","areaCodes":["090000"],"jsonName":"20210625073535_0_VPFJ50_090000","header":"VPFJ50","valid":"2021-07-02T07:35:00+00:00","validMap":"2021-06-26T09:35:00+00:00","dataType":"xml","targetDatetime":"2021-06-25T16:35:00+09:00"},{"controlTitle":"府県気象情報","datetime":"2021-06-25T07:38:09Z","editorialOffice":"新潟地方気象台","publishingOffice":"新潟地方気象台","headTitle":"大雨に関する新潟県気象情報","reportDatetime":"2021-06-25T16:38:00+09:00","validDatetime":null,"eventId":"JPNI210044","infoType":"発表","serial":"1","areaType":"offices","areaCode":"150000","areaCodes":["150000"],"jsonName":"20210625073810_0_VPFJ50_150000","header":"VPFJ50","valid":"2021-07-02T07:38:00+00:00","validMap":"2021-06-26T09:38:00+00:00","dataType":"xml","targetDatetime":"2021-06-25T16:38:00+09:00"},{"controlTitle":"府県気象情報","datetime":"2021-06-25T07:39:53Z","editorialOffice":"長野地方気象台","publishingOffice":"長野地方気象台","headTitle":"大雨と雷及び降ひょうに関する長野県気象情報","reportDatetime":"2021-06-25T16:39:00+09:00","validDatetime":null,"eventId":"JPTG210020","infoType":"発表","serial":"6","areaType":"offices","areaCode":"200000","areaCodes":["200000"],"jsonName":"20210625073953_0_VPFJ50_200000","header":"VPFJ50","valid":"2021-07-02T07:39:00+00:00","validMap":"2021-06-26T09:39:00+00:00","dataType":"xml","targetDatetime":"2021-06-25T16:39:00+09:00"},{"controlTitle":"府県気象情報","datetime":"2021-06-25T07:40:09Z","editorialOffice":"福島地方気象台","publishingOffice":"福島地方気象台","headTitle":"大雨と雷及びひょうに関する福島県気象情報","reportDatetime":"2021-06-25T16:40:00+09:00","validDatetime":null,"eventId":"JPDE210025","infoType":"発表","serial":"2","areaType":"offices","areaCode":"070000","areaCodes":["070000"],"jsonName":"20210625074010_0_VPFJ50_070000","header":"VPFJ50","valid":"2021-07-02T07:40:00+00:00","validMap":"2021-06-26T09:40:00+00:00","dataType":"xml","targetDatetime":"2021-06-25T16:40:00+09:00"},{"controlTitle":"府県気象情報","datetime":"2021-06-25T07:46:58Z","editorialOffice":"気象庁本庁","publishingOffice":"気象庁","headTitle":"台風第５号に関する東京都（小笠原諸島）気象情報","reportDatetime":"2021-06-25T16:46:00+09:00","validDatetime":null,"eventId":"JPTK210073","infoType":"発表","serial":"3","areaType":"offices","areaCode":"130000","areaCodes":["130000"],"jsonName":"20210625074659_0_VPFJ50_130000","header":"VPFJ50","valid":"2021-07-02T07:46:00+00:00","validMap":"2021-06-26T09:46:00+00:00","dataType":"xml","targetDatetime":"2021-06-25T16:46:00+09:00"},{"controlTitle":"地方気象情報","datetime":"2021-06-25T07:47:30Z","editorialOffice":"気象庁本庁","publishingOffice":"気象庁","headTitle":"大雨と雷及び降ひょうに関する関東甲信地方気象情報","reportDatetime":"2021-06-25T16:47:00+09:00","validDatetime":null,"eventId":"JPTK210074","infoType":"発表","serial":"2","areaType":"centers","areaCode":"010300","areaCodes":["010300"],"jsonName":"20210625074731_0_VPCJ50_010300","header":"VPCJ50","valid":"2021-07-02T07:47:00+00:00","validMap":"2021-06-26T09:47:00+00:00","dataType":"xml","targetDatetime":"2021-06-25T16:47:00+09:00"},{"controlTitle":"府県気象情報","datetime":"2021-06-25T07:48:05Z","editorialOffice":"横浜地方気象台","publishingOffice":"横浜地方気象台","headTitle":"大雨と雷及び降ひょうに関する神奈川県気象情報","reportDatetime":"2021-06-25T16:48:00+09:00","validDatetime":null,"eventId":"JPTF210022","infoType":"発表","serial":"3","areaType":"offices","areaCode":"140000","areaCodes":["140000"],"jsonName":"20210625074806_0_VPFJ50_140000","header":"VPFJ50","valid":"2021-07-02T07:48:00+00:00","validMap":"2021-06-26T09:48:00+00:00","dataType":"xml","targetDatetime":"2021-06-25T16:48:00+09:00"},{"controlTitle":"府県気象情報","datetime":"2021-06-25T08:56:27Z","editorialOffice":"長野地方気象台","publishingOffice":"長野地方気象台","headTitle":"大雨と雷及び降ひょうに関する長野県気象情報","reportDatetime":"2021-06-25T17:56:00+09:00","validDatetime":null,"eventId":"JPTG210020","infoType":"発表","serial":"7","areaType":"offices","areaCode":"200000","areaCodes":["200000"],"jsonName":"20210625085627_0_VPFJ50_200000","header":"VPFJ50","valid":"2021-07-02T08:56:00+00:00","validMap":"2021-06-26T10:56:00+00:00","dataType":"xml","targetDatetime":"2021-06-25T17:56:00+09:00"},{"controlTitle":"府県気象情報","datetime":"2021-06-25T10:33:18Z","editorialOffice":"宇都宮地方気象台","publishingOffice":"宇都宮地方気象台","headTitle":"大雨と雷及び突風に関する栃木県気象情報","reportDatetime":"2021-06-25T19:33:00+09:00","validDatetime":null,"eventId":"JPTA210026","infoType":"発表","serial":"3","areaType":"offices","areaCode":"090000","areaCodes":["090000"],"jsonName":"20210625103318_0_VPFJ50_090000","header":"VPFJ50","valid":"2021-07-02T10:33:00+00:00","validMap":"2021-06-26T12:33:00+00:00","dataType":"xml","targetDatetime":"2021-06-25T19:33:00+09:00"},{"controlTitle":"府県気象情報","datetime":"2021-06-25T10:48:21Z","editorialOffice":"徳島地方気象台","publishingOffice":"徳島地方気象台","headTitle":"大雨に関する徳島県気象情報","reportDatetime":"2021-06-25T19:48:00+09:00","validDatetime":null,"eventId":"JPMB210018","infoType":"発表","serial":"2","areaType":"offices","areaCode":"360000","areaCodes":["360000"],"jsonName":"20210625104822_0_VPFJ50_360000","header":"VPFJ50","valid":"2021-07-02T10:48:00+00:00","validMap":"2021-06-26T12:48:00+00:00","dataType":"xml","targetDatetime":"2021-06-25T19:48:00+09:00"},{"controlTitle":"記録的短時間大雨情報","datetime":"2021-06-25T11:03:19Z","editorialOffice":"前橋地方気象台","publishingOffice":"気象庁","headTitle":"群馬県記録的短時間大雨情報","reportDatetime":"2021-06-25T20:02:00+09:00","validDatetime":null,"eventId":"JPTB202106252002_202106252002","infoType":"発表","serial":"1","areaType":"offices","areaCode":"100000","areaCodes":["100000"],"jsonName":"20210625110320_0_VPOA50_100000","header":"VPOA50","valid":"2021-07-02T11:02:00+00:00","validMap":"2021-06-25T17:02:00+00:00","dataType":"xml","targetDatetime":"2021-06-25T20:02:00+09:00","kirokuameItems":[{"status":"1","areaCode":"100000"}]},{"controlTitle":"府県気象情報","datetime":"2021-06-25T12:09:26Z","editorialOffice":"前橋地方気象台","publishingOffice":"前橋地方気象台","headTitle":"大雨と雷及び降ひょうに関する群馬県気象情報","reportDatetime":"2021-06-25T21:09:00+09:00","validDatetime":null,"eventId":"JPTB210018","infoType":"発表","serial":"3","areaType":"offices","areaCode":"100000","areaCodes":["100000"],"jsonName":"20210625120927_0_VPFJ50_100000","header":"VPFJ50","valid":"2021-07-02T12:09:00+00:00","validMap":"2021-06-26T14:09:00+00:00","dataType":"xml","targetDatetime":"2021-06-25T21:09:00+09:00"},{"controlTitle":"地方気象情報","datetime":"2021-06-25T12:19:39Z","editorialOffice":"気象庁本庁","publishingOffice":"気象庁","headTitle":"大雨と雷及び突風に関する関東甲信地方気象情報","reportDatetime":"2021-06-25T21:05:00+09:00","validDatetime":null,"eventId":"JPTK210074","infoType":"訂正","serial":"3","areaType":"centers","areaCode":"010300","areaCodes":["010300"],"jsonName":"20210625121939_0_VPCJ50_010300","header":"VPCJ50","valid":"2021-07-02T12:05:00+00:00","validMap":"2021-06-26T14:05:00+00:00","dataType":"xml","targetDatetime":"2021-06-25T21:05:00+09:00","remove":true}]
