{"ParseStatus":"Success","Title":{"Code":37,"String":"緊急地震速報（警報）","Detail":"マグニチュード、最大予測震度及び主要動到達予測時刻の緊急地震速報（発表パターン3： グリッドサーチ法、EPOS自動処理手法）"},"Source":{"Code":3,"String":"気象庁本庁"},"Status":{"Code":"00","String":"通常","Detail":"通常"},"AnnouncedTime":{"String":"2021/12/09 11:05:35","UnixTime":1639015535,"RFC1123":"Thu, 09 Dec 2021 02:05:35 UTC"},"OriginTime":{"String":"2021/12/09 11:05:07","UnixTime":1639015507,"RFC1123":"Thu, 09 Dec 2021 02:05:07 UTC"},"EventID":"20211209110515","Type":{"Code":0,"String":"発表","Detail":"発表(警報)"},"Serial":8,"Hypocenter":{"Code":798,"Name":"トカラ列島近海","isAssumption":false,"Location":{"Lat":29.4,"Long":129.3,"Depth":{"Int":30,"String":"約30km"}},"Magnitude":{"Float":6.1,"String":"M6.1","LongString":"M6.1"},"Accuracy":{"Epicenter":{"Code":4,"String":"IPF法(5点)","Rank2":4,"String2":"IPF法(5点)"},"Depth":{"Code":4,"String":"IPF法(5点)"},"Magnitude":{"Code":4,"String":"P相/全相混在"},"NumberOfMagnitudeCalculation":5},"isSea":true},"MaxIntensity":{"From":"5-","To":"5-","String":"5弱","LongString":"5弱程度"},"Warn":true,"WarnForecast":{"Hypocenter":{"Code":9831,"Name":"薩南諸島近海"},"District":["鹿児島"],"LocalAreas":["鹿児島"],"Regions":["鹿児島県十島村"]},"Option":{"Change":{"Code":0,"String":"ほとんど変化なし","Reason":{"Code":0,"String":"不明"}}},"Forecast":[{"Intensity":{"Code":774,"Name":"鹿児島県十島村","From":"5弱","To":"4","Description":"震度4から震度5弱程度"},"Warn":true,"Arrival":{"Flag":true,"Condition":"既に主要動到達と推測"}},{"Intensity":{"Code":778,"Name":"鹿児島県奄美北部","From":"4","To":"3","Description":"震度3から震度4程度"},"Warn":false,"Arrival":{"Flag":false,"Condition":"未到達と推測","Time":"11:05:38"}}],"OriginalText":"37 03 00 211209110535 C11 211209110507 ND20211209110515 NCN008 JD////////////// JN/// 798 N294 E1293 030 61 5- RK44454 RT11/// RC0//// EBI 774 S5-04 ////// 11 778 S0403 110538 00 9999="}
