{"ParseStatus":"Success","Title":{"Code":37,"String":"緊急地震速報（警報）","Detail":"マグニチュード、最大予測震度及び主要動到達予測時刻の緊急地震速報（発表パターン3： グリッドサーチ法、EPOS自動処理手法）"},"Source":{"Code":4,"String":"大阪"},"Status":{"Code":"00","String":"通常","Detail":"通常"},"AnnouncedTime":{"String":"2022/03/16 23:34:55","UnixTime":1647441295,"RFC1123":"Wed, 16 Mar 2022 14:34:55 UTC"},"OriginTime":{"String":"2022/03/16 23:34:26","UnixTime":1647441266,"RFC1123":"Wed, 16 Mar 2022 14:34:26 UTC"},"EventID":"20220316233436","Type":{"Code":0,"String":"発表","Detail":"発表(警報)"},"Serial":10,"Hypocenter":{"Code":289,"Name":"福島県沖","isAssumption":false,"Location":{"Lat":37.7,"Long":141.7,"Depth":{"Int":50,"String":"約50km"}},"Magnitude":{"Float":6,"String":"M6.0","LongString":"M6.0"},"Accuracy":{"Epicenter":{"Code":6,"String":"防災科研システム(5点以上)〔防災科研 Hi-net データ〕","Rank2":4,"String2":"IPF法(5点)"},"Depth":{"Code":6,"String":"防災科研システム(5点以上)〔防災科研 Hi-net データ〕"},"Magnitude":{"Code":5,"String":"全点全相"},"NumberOfMagnitudeCalculation":5},"isSea":true},"MaxIntensity":{"From":"5-","To":"5-","String":"5弱","LongString":"5弱程度"},"Warn":true,"WarnForecast":{"Hypocenter":{"Code":9739,"Name":"福島沖"},"District":["東北"],"LocalAreas":["宮城","福島"],"Regions":["宮城県南部","福島県浜通り","宮城県北部","福島県中通り","宮城県中部"]},"Option":{"Change":{"Code":0,"String":"ほとんど変化なし","Reason":{"Code":0,"String":"不明"}}},"Forecast":[{"Intensity":{"Code":221,"Name":"宮城県南部","From":"5弱","To":"5弱","Description":"震度5弱程度"},"Warn":true,"Arrival":{"Condition":"主要動の到達予想なし(PLUM法による予想)"}},{"Intensity":{"Code":250,"Name":"福島県中通り","From":"5弱","To":"5弱","Description":"震度5弱程度"},"Warn":true,"Arrival":{"Condition":"主要動の到達予想なし(PLUM法による予想)"}},{"Intensity":{"Code":251,"Name":"福島県浜通り","From":"5弱","To":"5弱","Description":"震度5弱程度"},"Warn":true,"Arrival":{"Condition":"主要動の到達予想なし(PLUM法による予想)"}},{"Intensity":{"Code":222,"Name":"宮城県中部","From":"4","To":"4","Description":"震度4程度"},"Warn":true,"Arrival":{"Flag":true,"Condition":"既に主要動到達と推測"}},{"Intensity":{"Code":220,"Name":"宮城県北部","From":"4","To":"4","Description":"震度4程度"},"Warn":true,"Arrival":{"Flag":false,"Condition":"未到達と推測","Time":"23:34:57"}}],"OriginalText":"37 04 00 220316233455 C11 220316233426 ND20220316233436 NCN010 JD////////////// JN/// 289 N377 E1417 050 60 5- RK66554 RT11/// RC0//// EBI 221 S5-5- 233452 19 250 S5-5- 233454 19 251 S5-5- 233454 19 222 S0404 ////// 11 220 S0404 233457 10 9999="}
