[{"part":"title","issue":{"JST":"2021-06-23T18:45:00+09:00","UTC":"2021-06-23T09:45:00Z"},"typhoonNumber":"2105","name":{"jp":"チャンパー","en":"Champi"}},{"part":{"jp":"実況","en":"Analysis"},"advancedHours":0,"validtime":{"JST":"2021-06-23T18:00:00+09:00","UTC":"2021-06-23T09:00:00Z"},"track":{"preTyphoon":[[13.4,143.6],[13.5,143.0],[14.3,142.6],[14.5,142.3],[14.9,142.3],[15.3,142.2],[15.5,142.0],[15.7,141.8],[15.7,141.6]],"typhoon":[[15.7,141.6],[16.2,141.0],[17.0,141.0],[17.7,140.5]]},"center":[17.7,140.5],"galeWarningArea":{"center":[17.7,140.76],"radius":250020}},{"part":{"jp":"予報　２４時間後","en":"Forecast for 24 hours ahead"},"advancedHours":24,"validtime":{"JST":"2021-06-24T18:00:00+09:00","UTC":"2021-06-24T09:00:00Z"},"probabilityCircle":{"radius":92600,"tangent":[[[18.84,138.96],[17.7,140.5]],[[17.7,140.5],[19.55,140.38]]]},"center":[19.5,139.5]},{"part":{"jp":"予報　４５時間後","en":"Forecast for 45 hours ahead"},"advancedHours":45,"validtime":{"JST":"2021-06-25T15:00:00+09:00","UTC":"2021-06-25T06:00:00Z"},"probabilityCircle":{"radius":166680,"tangent":[[[20.6,136.91],[18.89,138.9]],[[19.75,140.34],[22.15,139.54]]]},"center":[21.7,138.0]},{"part":{"jp":"予報　６９時間後","en":"Forecast for 69 hours ahead"},"advancedHours":69,"validtime":{"JST":"2021-06-26T15:00:00+09:00","UTC":"2021-06-26T06:00:00Z"},"probabilityCircle":{"radius":296320,"tangent":[[[24.67,135.04],[21.17,136.49]],[[21.3,139.55],[24.91,140.65]]]},"center":[25.6,137.8],"stormWarningArea":{"arc":[[[25.6,137.8],342620,[0.0,360.0]]]}},{"part":{"jp":"予報　９３時間後","en":"Forecast for 93 hours ahead"},"advancedHours":93,"validtime":{"JST":"2021-06-27T15:00:00+09:00","UTC":"2021-06-27T06:00:00Z"},"probabilityCircle":{"radius":425960,"tangent":[[[31.91,135.63],[25.93,134.86]],[[24.22,140.32],[29.45,143.93]]]},"center":[31.4,140.1],"stormWarningArea":{"arc":[[[25.6,137.8],342620,[0.0,360.0]]]}},{"part":{"jp":"予報　１１７時間後","en":"Forecast for 117 hours ahead"},"advancedHours":117,"validtime":{"JST":"2021-06-28T15:00:00+09:00","UTC":"2021-06-28T06:00:00Z"},"probabilityCircle":{"radius":666720,"tangent":[[[40.52,138.71],[32.55,135.79]],[[28.46,142.94],[34.05,150.97]]]},"center":[38.6,146.1],"stormWarningArea":{"arc":[[[25.6,137.8],342620,[0.0,360.0]]]}}]