[{"reportDatetime":"2007-12-01T10:01:00+09:00","eventId":"329","areas":["1342100"],"volcanoInfos":[{"type":"噴火警報・予報（対象火山）","items":[{"name":"火口周辺危険","code":"22","lastCode":"22","condition":"継続","areas":[{"name":"硫黄島","code":"329"}]}]},{"type":"噴火警報・予報（対象市町村等）","items":[{"name":"火口周辺警報","code":"02","lastCode":"02","condition":"切替","areas":[{"name":"東京都小笠原村","code":"1342100"}]}]},{"type":"噴火警報・予報（対象市町村の防災対応等）","items":[{"name":"火口周辺警報：火口周辺警戒","code":"49","lastCode":"49","condition":"継続","areas":[{"name":"東京都小笠原村","code":"1342100"}]}]}]},{"reportDatetime":"2007-12-01T10:02:00+09:00","eventId":"331","areas":["1342100"],"volcanoInfos":[{"type":"噴火警報・予報（対象火山）","items":[{"name":"周辺海域警戒","code":"36","lastCode":"35","condition":"引上げ","areas":[{"name":"福徳岡ノ場","code":"331"}]}]},{"type":"噴火警報・予報（対象市町村等）","items":[{"name":"噴火警報（周辺海域）","code":"03","lastCode":"05","condition":"切替","areas":[{"name":"東京都小笠原村","code":"1342100"}]}]},{"type":"噴火警報・予報（対象市町村の防災対応等）","items":[{"name":"噴火警報（周辺海域）：周辺海域警戒","code":"44","lastCode":"45","condition":"継続","areas":[{"name":"東京都小笠原村","code":"1342100"}]}]}]},{"reportDatetime":"2020-12-18T14:00:00+09:00","eventId":"326","areas":["1342100"],"volcanoInfos":[{"type":"噴火警報・予報（対象火山）","items":[{"name":"入山危険","code":"23","lastCode":"23","condition":"継続","areas":[{"name":"西之島","code":"326"}]}]},{"type":"噴火警報・予報（対象市町村等）","items":[{"name":"火口周辺警報","code":"02","lastCode":"02","condition":"切替","areas":[{"name":"東京都小笠原村","code":"1342100"}]}]},{"type":"噴火警報・予報（対象市町村の防災対応等）","items":[{"name":"火口周辺警報：火口周辺警戒","code":"49","lastCode":"49","condition":"継続","areas":[{"name":"東京都小笠原村","code":"1342100"}]}]}]},{"reportDatetime":"2021-02-28T13:40:00+09:00","eventId":"509","areas":["4650500"],"volcanoInfos":[{"type":"噴火警報・予報（対象火山）","items":[{"name":"レベル３（入山規制）","code":"13","lastCode":"12","condition":"引上げ","areas":[{"name":"口永良部島","code":"509"}]}]},{"type":"噴火警報・予報（対象市町村等）","items":[{"name":"火口周辺警報","code":"02","lastCode":"02","condition":"切替","areas":[{"name":"鹿児島県屋久島町","code":"4650500"}]}]},{"type":"噴火警報・予報（対象市町村の防災対応等）","items":[{"name":"火口周辺警報：入山規制等","code":"43","lastCode":"43","condition":"継続","areas":[{"name":"鹿児島県屋久島町","code":"4650500"}]}]}]},{"reportDatetime":"2021-03-08T14:00:00+09:00","eventId":"508","areas":["4630300"],"volcanoInfos":[{"type":"噴火警報・予報（対象火山）","items":[{"name":"レベル２（火口周辺規制）","code":"12","lastCode":"12","condition":"継続","areas":[{"name":"薩摩硫黄島","code":"508"}]}]},{"type":"噴火警報・予報（対象市町村等）","items":[{"name":"火口周辺警報","code":"02","lastCode":"02","condition":"切替","areas":[{"name":"鹿児島県三島村","code":"4630300"}]}]},{"type":"噴火警報・予報（対象市町村の防災対応等）","items":[{"name":"火口周辺警報：入山規制等","code":"43","lastCode":"43","condition":"継続","areas":[{"name":"鹿児島県三島村","code":"4630300"}]}]}]},{"reportDatetime":"2021-03-23T16:00:00+09:00","eventId":"306","areas":["1042500","2020800","2032100","2032300"],"volcanoInfos":[{"type":"噴火警報・予報（対象火山）","items":[{"name":"レベル２（火口周辺規制）","code":"12","lastCode":"11","condition":"引上げ","areas":[{"name":"浅間山","code":"306"}]}]},{"type":"噴火警報・予報（対象市町村等）","items":[{"name":"火口周辺警報","code":"02","lastCode":"05","condition":"発表","areas":[{"name":"群馬県嬬恋村","code":"1042500"},{"name":"長野県小諸市","code":"2020800"},{"name":"長野県軽井沢町","code":"2032100"},{"name":"長野県御代田町","code":"2032300"}]}]},{"type":"噴火警報・予報（対象市町村の防災対応等）","items":[{"name":"火口周辺警報：入山規制等","code":"43","lastCode":"45","condition":"発表","areas":[{"name":"群馬県嬬恋村","code":"1042500"},{"name":"長野県小諸市","code":"2020800"},{"name":"長野県軽井沢町","code":"2032100"},{"name":"長野県御代田町","code":"2032300"}]}]}]},{"reportDatetime":"2021-04-25T15:30:00+09:00","eventId":"506","areas":["4620100"],"volcanoInfos":[{"type":"噴火警報・予報（対象火山）","items":[{"name":"レベル３（入山規制）","code":"13","lastCode":"13","condition":"継続","areas":[{"name":"桜島","code":"506"}]}]},{"type":"噴火警報・予報（対象市町村等）","items":[{"name":"火口周辺警報","code":"02","lastCode":"02","condition":"切替","areas":[{"name":"鹿児島県鹿児島市","code":"4620100"}]}]},{"type":"噴火警報・予報（対象市町村の防災対応等）","items":[{"name":"火口周辺警報：入山規制等","code":"43","lastCode":"43","condition":"継続","areas":[{"name":"鹿児島県鹿児島市","code":"4620100"}]}]}]},{"reportDatetime":"2021-06-09T11:00:00+09:00","eventId":"503","areas":["4321400","4343300"],"volcanoInfos":[{"type":"噴火警報・予報（対象火山）","items":[{"name":"レベル１（活火山であることに留意）","code":"11","lastCode":"12","condition":"引下げ","areas":[{"name":"阿蘇山","code":"503"}]}]},{"type":"噴火警報・予報（対象市町村等）","items":[{"name":"噴火予報：警報解除","code":"04","lastCode":"02","condition":"解除","areas":[{"name":"熊本県阿蘇市","code":"4321400"},{"name":"熊本県南阿蘇村","code":"4343300"}]}]},{"type":"噴火警報・予報（対象市町村の防災対応等）","items":[{"name":"活火山であることに留意","code":"45","lastCode":"43","condition":"解除","areas":[{"name":"熊本県阿蘇市","code":"4321400"},{"name":"熊本県南阿蘇村","code":"4343300"}]}]}]},{"reportDatetime":"2021-06-23T00:15:00+09:00","eventId":"511","areas":["4630400"],"volcanoInfos":[{"type":"噴火警報・予報（対象火山）","items":[{"name":"レベル３（入山規制）","code":"13","lastCode":"12","condition":"引上げ","areas":[{"name":"諏訪之瀬島","code":"511"}]}]},{"type":"噴火警報・予報（対象市町村等）","items":[{"name":"火口周辺警報","code":"02","lastCode":"02","condition":"切替","areas":[{"name":"鹿児島県十島村","code":"4630400"}]}]},{"type":"噴火警報・予報（対象市町村の防災対応等）","items":[{"name":"火口周辺警報：入山規制等","code":"43","lastCode":"43","condition":"継続","areas":[{"name":"鹿児島県十島村","code":"4630400"}]}]}],"within24":true}]