{"ParseStatus":"Success","Title":{"Code":35,"String":"緊急地震速報（予報）","Detail":"最大予測震度のみの緊急地震速報"},"Source":{"Code":3,"String":"気象庁本庁"},"Status":{"Code":"00","String":"通常","Detail":"通常"},"AnnouncedTime":{"String":"2022/07/28 16:05:25","UnixTime":1658991925,"RFC1123":"Thu, 28 Jul 2022 07:05:25 UTC"},"OriginTime":{"String":"2022/07/28 16:05:25","UnixTime":1658991925,"RFC1123":"Thu, 28 Jul 2022 07:05:25 UTC"},"EventID":"20220728160525","Type":{"Code":0,"String":"発表","Detail":"発表(予報)"},"Serial":1,"Hypocenter":{"Code":14,"Name":"関東甲信地方","isAssumption":false,"Location":{"Lat":36.4,"Long":140,"Depth":{"Int":10,"String":"約10km"}},"Magnitude":{"Float":0,"String":"不明/強い揺れ","LongString":"不明もしくは強い揺れ"},"Accuracy":{"Epicenter":{"Code":1,"String":"P波/S波レベル越え、またはIPF法(1点)、または仮定震源要素の場合","Rank2":0,"String2":"不明"},"Depth":{"Code":1,"String":"P波/S波レベル越え、またはIPF法(1点)、または仮定震源要素"},"Magnitude":{"Code":8,"String":"P波/S波レベル越え、または仮定震源要素の場合"},"NumberOfMagnitudeCalculation":1},"isSea":false},"MaxIntensity":{"From":"5-","To":"5-","String":"5弱","LongString":"5弱程度"},"Warn":false,"Option":{"Change":{"Code":0,"String":"不明","Reason":{"Code":0,"String":"不明"}}},"OriginalText":"35 03 00 220728160525 C11 220728160525 ND20220728160525 NCN001 JD////////////// JN/// 014 N364 E1400 010 // 5- RK1181/ RT/0/// RC///// 9999="}