{"ParseStatus":"Success","Title":{"Code":36,"String":"緊急地震速報（警報）","Detail":"マグニチュード、最大予測震度及び主要動到達予測時刻の緊急地震速報（発表パターン2： B-Δ法、テリトリ法）"},"Source":{"Code":4,"String":"大阪"},"Status":{"Code":"00","String":"通常","Detail":"通常"},"AnnouncedTime":{"String":"2022/03/16 23:37:00","UnixTime":1647441420,"RFC1123":"Wed, 16 Mar 2022 14:37:00 UTC"},"OriginTime":{"String":"2022/03/16 23:36:44","UnixTime":1647441404,"RFC1123":"Wed, 16 Mar 2022 14:36:44 UTC"},"EventID":"20220316233646","Type":{"Code":0,"String":"発表","Detail":"発表(警報)"},"Serial":13,"Hypocenter":{"Code":251,"Name":"福島県浜通り","isAssumption":true,"Location":{"Lat":37.5,"Long":141,"Depth":{"Int":10,"String":"約10km"}},"Magnitude":{"Float":1,"String":"M1.0","LongString":"M1.0"},"Accuracy":{"Epicenter":{"Code":1,"String":"P波/S波レベル越え、またはIPF法(1点)、または仮定震源要素の場合","Rank2":1,"String2":"P波/S波レベル越え、またはIPF法(1点)、または仮定震源要素の場合"},"Depth":{"Code":1,"String":"P波/S波レベル越え、またはIPF法(1点)、または仮定震源要素"},"Magnitude":{"Code":8,"String":"P波/S波レベル越え、または仮定震源要素の場合"},"NumberOfMagnitudeCalculation":1},"isSea":false},"MaxIntensity":{"From":"6-","To":"6-","String":"6弱","LongString":"6弱程度"},"Warn":true,"WarnForecast":{"Hypocenter":{"Code":9207,"Name":"福島県"},"District":["東北"],"LocalAreas":["宮城","福島"],"Regions":["宮城県南部","宮城県中部","福島県中通り","福島県浜通り","宮城県北部"]},"Option":{"Change":{"Code":0,"String":"ほとんど変化なし","Reason":{"Code":0,"String":"不明"}}},"Forecast":[{"Intensity":{"Code":221,"Name":"宮城県南部","From":"6弱","To":"不明","Description":"震度6弱程度以上"},"Warn":true,"Arrival":{"Condition":"主要動の到達予想なし(PLUM法による予想)"}},{"Intensity":{"Code":251,"Name":"福島県浜通り","From":"6弱","To":"不明","Description":"震度6弱程度以上"},"Warn":true,"Arrival":{"Condition":"主要動の到達予想なし(PLUM法による予想)"}},{"Intensity":{"Code":222,"Name":"宮城県中部","From":"5強","To":"不明","Description":"震度5強程度以上"},"Warn":true,"Arrival":{"Condition":"主要動の到達予想なし(PLUM法による予想)"}},{"Intensity":{"Code":250,"Name":"福島県中通り","From":"5強","To":"不明","Description":"震度5強程度以上"},"Warn":true,"Arrival":{"Condition":"主要動の到達予想なし(PLUM法による予想)"}},{"Intensity":{"Code":252,"Name":"福島県会津","From":"4","To":"不明","Description":"震度4程度以上"},"Warn":false,"Arrival":{"Condition":"主要動の到達予想なし(PLUM法による予想)"}},{"Intensity":{"Code":220,"Name":"宮城県北部","From":"4","To":"不明","Description":"震度4程度以上"},"Warn":true,"Arrival":{"Condition":"主要動の到達予想なし(PLUM法による予想)"}},{"Intensity":{"Code":213,"Name":"岩手県内陸南部","From":"4","To":"不明","Description":"震度4程度以上"},"Warn":false,"Arrival":{"Condition":"主要動の到達予想なし(PLUM法による予想)"}},{"Intensity":{"Code":242,"Name":"山形県村山","From":"4","To":"不明","Description":"震度4程度以上"},"Warn":false,"Arrival":{"Condition":"主要動の到達予想なし(PLUM法による予想)"}}],"OriginalText":"36 04 00 220316233700 C11 220316233644 ND20220316233646 NCN013 JD////////////// JN013 251 N375 E1410 010 10 6- RK11811 RT/19// RC0//// EBI 221 S6-// 233700 19 251 S6-// 233700 19 222 S5+// 233700 19 250 S5+// 233659 19 252 S04// 233700 09 220 S04// 233651 19 213 S04// 233659 09 242 S04// 233700 09 9999="}
