{"ParseStatus":"Success","Title":{"Code":36,"String":"緊急地震速報（予報）","Detail":"マグニチュード、最大予測震度及び主要動到達予測時刻の緊急地震速報（発表パターン2： B-Δ法、テリトリ法）"},"Source":{"Code":4,"String":"大阪"},"Status":{"Code":"00","String":"通常","Detail":"通常"},"AnnouncedTime":{"String":"2022/03/16 23:36:51","UnixTime":1647441411,"RFC1123":"Wed, 16 Mar 2022 14:36:51 UTC"},"OriginTime":{"String":"2022/03/16 23:36:44","UnixTime":1647441404,"RFC1123":"Wed, 16 Mar 2022 14:36:44 UTC"},"EventID":"20220316233646","Type":{"Code":0,"String":"発表","Detail":"発表(予報)"},"Serial":4,"Hypocenter":{"Code":251,"Name":"福島県浜通り","isAssumption":true,"Location":{"Lat":37.5,"Long":141,"Depth":{"Int":10,"String":"約10km"}},"Magnitude":{"Float":1,"String":"M1.0","LongString":"M1.0"},"Accuracy":{"Epicenter":{"Code":1,"String":"P波/S波レベル越え、またはIPF法(1点)、または仮定震源要素の場合","Rank2":1,"String2":"P波/S波レベル越え、またはIPF法(1点)、または仮定震源要素の場合"},"Depth":{"Code":1,"String":"P波/S波レベル越え、またはIPF法(1点)、または仮定震源要素"},"Magnitude":{"Code":8,"String":"P波/S波レベル越え、または仮定震源要素の場合"},"NumberOfMagnitudeCalculation":1},"isSea":false},"MaxIntensity":{"From":"4","To":"4","String":"4","LongString":"4程度"},"Warn":false,"Option":{"Change":{"Code":0,"String":"ほとんど変化なし","Reason":{"Code":0,"String":"不明"}}},"Forecast":[],"OriginalText":"36 04 00 220316233651 C11 220316233644 ND20220316233646 NCN004 JD////////////// JN004 251 N375 E1410 010 10 04 RK11811 RT/09// RC0//// EBI 221 S04// 233649 09 222 S04// 233651 09 250 S04// 233650 09 251 S04// 233650 09 9999="}
