{"ParseStatus":"Success","Title":{"Code":37,"String":"緊急地震速報（警報）","Detail":"マグニチュード、最大予測震度及び主要動到達予測時刻の緊急地震速報（発表パターン3： グリッドサーチ法、EPOS自動処理手法）"},"Source":{"Code":4,"String":"大阪"},"Status":{"Code":"00","String":"通常","Detail":"通常"},"AnnouncedTime":{"String":"2022/05/09 15:23:37","UnixTime":1652077417,"RFC1123":"Mon, 09 May 2022 06:23:37 UTC"},"OriginTime":{"String":"2022/05/09 15:22:32","UnixTime":1652077352,"RFC1123":"Mon, 09 May 2022 06:22:32 UTC"},"EventID":"20220509152315","Type":{"Code":0,"String":"発表","Detail":"発表(警報)"},"Serial":8,"Hypocenter":{"Code":900,"Name":"台湾付近","isAssumption":false,"Location":{"Lat":23.4,"Long":120.4,"Depth":{"Int":10,"String":"約10km"}},"Magnitude":{"Float":7.5,"String":"M7.5","LongString":"M7.5"},"Accuracy":{"Epicenter":{"Code":4,"String":"IPF法(5点)","Rank2":4,"String2":"IPF法(5点)"},"Depth":{"Code":4,"String":"IPF法(5点)"},"Magnitude":{"Code":3,"String":"全点P相"},"NumberOfMagnitudeCalculation":5},"isSea":true},"MaxIntensity":{"From":"3","To":"3","String":"3","LongString":"3程度"},"Warn":true,"WarnForecast":{"Hypocenter":{"Code":9900,"Name":"台湾付近"},"District":["沖縄"],"LocalAreas":["八重山","宮古島"],"Regions":["沖縄県与那国島","沖縄県西表島","沖縄県石垣島","沖縄県宮古島"]},"Option":{"Change":{"Code":0,"String":"ほとんど変化なし","Reason":{"Code":0,"String":"不明"}}},"OriginalText":"37 04 00 220509152337 C11 220509152232 ND20220509152315 NCN008 JD////////////// JN/// 900 N234 E1204 010 75 03 RK44354 RT11/// RC0//// 9999="}