{"copyright":"© 2006 Microsoft Corporation. All Rights Reserved.","datas":[{"font":{"actualBoundingBoxAscent":29.74609375,"actualBoundingBoxDescent":1.11328125,"actualBoundingBoxLeft":-1.171875,"actualBoundingBoxRight":21.07421875,"fontBoundingBoxAscent":37,"fontBoundingBoxDescent":8,"width":22.24609375},"position":{"x":4,"y":42}},{"font":{"actualBoundingBoxAscent":29.74609375,"actualBoundingBoxDescent":0.625,"actualBoundingBoxLeft":-3.80859375,"actualBoundingBoxRight":15.625,"fontBoundingBoxAscent":37,"fontBoundingBoxDescent":8,"width":22.24609375},"position":{"x":30,"y":42}},{"font":{"actualBoundingBoxAscent":29.74609375,"actualBoundingBoxDescent":0.625,"actualBoundingBoxLeft":-0.60546875,"actualBoundingBoxRight":20.8203125,"fontBoundingBoxAscent":37,"fontBoundingBoxDescent":8,"width":22.24609375},"position":{"x":56,"y":42}},{"font":{"actualBoundingBoxAscent":29.74609375,"actualBoundingBoxDescent":1.11328125,"actualBoundingBoxLeft":-1.0983076095581055,"actualBoundingBoxRight":21.15234375,"fontBoundingBoxAscent":37,"fontBoundingBoxDescent":8,"width":22.24609375},"position":{"x":82,"y":42}},{"font":{"actualBoundingBoxAscent":29.62890625,"actualBoundingBoxDescent":0.625,"actualBoundingBoxLeft":0.01953125,"actualBoundingBoxRight":21.015625,"fontBoundingBoxAscent":37,"fontBoundingBoxDescent":8,"width":22.24609375},"position":{"x":108,"y":42}},{"font":{"actualBoundingBoxAscent":29.2578125,"actualBoundingBoxDescent":1.11328125,"actualBoundingBoxLeft":-0.9870464205741882,"actualBoundingBoxRight":21.26953125,"fontBoundingBoxAscent":37,"fontBoundingBoxDescent":8,"width":22.24609375},"position":{"x":134,"y":42}},{"font":{"actualBoundingBoxAscent":29.746103286743164,"actualBoundingBoxDescent":1.11328125,"actualBoundingBoxLeft":-1.171875,"actualBoundingBoxRight":21.19140625,"fontBoundingBoxAscent":37,"fontBoundingBoxDescent":8,"width":22.24609375},"position":{"x":160,"y":42}},{"font":{"actualBoundingBoxAscent":29.2578125,"actualBoundingBoxDescent":0.625,"actualBoundingBoxLeft":-1.2890625,"actualBoundingBoxRight":21.07421875,"fontBoundingBoxAscent":37,"fontBoundingBoxDescent":8,"width":22.24609375},"position":{"x":186,"y":42}},{"font":{"actualBoundingBoxAscent":29.74609375,"actualBoundingBoxDescent":1.11328125,"actualBoundingBoxLeft":-1.0546863079071045,"actualBoundingBoxRight":21.191415786743164,"fontBoundingBoxAscent":37,"fontBoundingBoxDescent":8,"width":22.24609375},"position":{"x":212,"y":42}},{"font":{"actualBoundingBoxAscent":29.74609375,"actualBoundingBoxDescent":1.11328125,"actualBoundingBoxLeft":-1.0546875,"actualBoundingBoxRight":21.07421875,"fontBoundingBoxAscent":37,"fontBoundingBoxDescent":8,"width":22.24609375},"position":{"x":238,"y":42}},{"font":{"actualBoundingBoxAscent":4.62890625,"actualBoundingBoxDescent":0.625,"actualBoundingBoxLeft":-2.9296875,"actualBoundingBoxRight":8.18359375,"fontBoundingBoxAscent":37,"fontBoundingBoxDescent":8,"width":11.11328125},"position":{"x":264,"y":42}},{"font":{"actualBoundingBoxAscent":4.62890625,"actualBoundingBoxDescent":6.26953125,"actualBoundingBoxLeft":-2.9296875,"actualBoundingBoxRight":8.18359375,"fontBoundingBoxAscent":37,"fontBoundingBoxDescent":8,"width":11.11328125},"position":{"x":279,"y":42}},{"font":{"actualBoundingBoxAscent":21.81640625,"actualBoundingBoxDescent":1.11328125,"actualBoundingBoxLeft":-0.8984375,"actualBoundingBoxRight":20.13671875,"fontBoundingBoxAscent":37,"fontBoundingBoxDescent":8,"width":22.24609375},"position":{"x":294,"y":42}},{"font":{"actualBoundingBoxAscent":29.2578125,"actualBoundingBoxDescent":1.11328125,"actualBoundingBoxLeft":-2.08984375,"actualBoundingBoxRight":21.46484375,"fontBoundingBoxAscent":37,"fontBoundingBoxDescent":8,"width":22.24609375},"position":{"x":320,"y":42}},{"font":{"actualBoundingBoxAscent":21.81640625,"actualBoundingBoxDescent":1.11328125,"actualBoundingBoxLeft":-0.78125,"actualBoundingBoxRight":20.181703567504883,"fontBoundingBoxAscent":37,"fontBoundingBoxDescent":8,"width":20},"position":{"x":346,"y":42}},{"font":{"actualBoundingBoxAscent":29.2578125,"actualBoundingBoxDescent":1.11328125,"actualBoundingBoxLeft":-0.78125,"actualBoundingBoxRight":20.13671875,"fontBoundingBoxAscent":37,"fontBoundingBoxDescent":8,"width":22.24609375},"position":{"x":369,"y":42}},{"font":{"actualBoundingBoxAscent":21.81640625,"actualBoundingBoxDescent":1.11328125,"actualBoundingBoxLeft":-0.78125,"actualBoundingBoxRight":21.46484375,"fontBoundingBoxAscent":37,"fontBoundingBoxDescent":8,"width":22.24609375},"position":{"x":395,"y":42}},{"font":{"actualBoundingBoxAscent":29.746097564697266,"actualBoundingBoxDescent":0.625,"actualBoundingBoxLeft":0.3125,"actualBoundingBoxRight":12.5390625,"fontBoundingBoxAscent":37,"fontBoundingBoxDescent":8,"width":11.11328125},"position":{"x":421,"y":42}},{"font":{"actualBoundingBoxAscent":21.81640625,"actualBoundingBoxDescent":9.0234375,"actualBoundingBoxLeft":-0.78125,"actualBoundingBoxRight":20.13671875,"fontBoundingBoxAscent":37,"fontBoundingBoxDescent":8,"width":22.24609375},"position":{"x":436,"y":42}},{"font":{"actualBoundingBoxAscent":29.2578125,"actualBoundingBoxDescent":0.625,"actualBoundingBoxLeft":-2.08984375,"actualBoundingBoxRight":20.234375,"fontBoundingBoxAscent":37,"fontBoundingBoxDescent":8,"width":22.24609375},"position":{"x":462,"y":42}},{"font":{"actualBoundingBoxAscent":29.2578125,"actualBoundingBoxDescent":0.625,"actualBoundingBoxLeft":-2.08984375,"actualBoundingBoxRight":7.03125,"fontBoundingBoxAscent":37,"fontBoundingBoxDescent":8,"width":9.12109375},"position":{"x":488,"y":42}},{"font":{"actualBoundingBoxAscent":29.2578125,"actualBoundingBoxDescent":8.984375,"actualBoundingBoxLeft":2.03125,"actualBoundingBoxRight":7.03125,"fontBoundingBoxAscent":37,"fontBoundingBoxDescent":8,"width":9.12109375},"position":{"x":501,"y":42}},{"font":{"actualBoundingBoxAscent":29.2578125,"actualBoundingBoxDescent":0.625,"actualBoundingBoxLeft":-2.08984375,"actualBoundingBoxRight":21.010114669799805,"fontBoundingBoxAscent":37,"fontBoundingBoxDescent":8,"width":20},"position":{"x":514,"y":42}},{"font":{"actualBoundingBoxAscent":29.2578125,"actualBoundingBoxDescent":0.625,"actualBoundingBoxLeft":-2.08984375,"actualBoundingBoxRight":7.03125,"fontBoundingBoxAscent":37,"fontBoundingBoxDescent":8,"width":9.12109375},"position":{"x":537,"y":42}},{"font":{"actualBoundingBoxAscent":21.816415786743164,"actualBoundingBoxDescent":0.625,"actualBoundingBoxLeft":-2.08984375,"actualBoundingBoxRight":31.34765625,"fontBoundingBoxAscent":37,"fontBoundingBoxDescent":8,"width":33.3203125},"position":{"x":550,"y":42}},{"font":{"actualBoundingBoxAscent":21.81640625,"actualBoundingBoxDescent":0.625,"actualBoundingBoxLeft":-2.08984375,"actualBoundingBoxRight":20.234375,"fontBoundingBoxAscent":37,"fontBoundingBoxDescent":8,"width":22.24609375},"position":{"x":587,"y":42}},{"font":{"actualBoundingBoxAscent":21.81640625,"actualBoundingBoxDescent":1.11328125,"actualBoundingBoxLeft":-0.78125,"actualBoundingBoxRight":21.46484375,"fontBoundingBoxAscent":37,"fontBoundingBoxDescent":8,"width":22.24609375},"position":{"x":613,"y":42}},{"font":{"actualBoundingBoxAscent":21.81640625,"actualBoundingBoxDescent":8.59375,"actualBoundingBoxLeft":-2.08984375,"actualBoundingBoxRight":21.46484375,"fontBoundingBoxAscent":37,"fontBoundingBoxDescent":8,"width":22.24609375},"position":{"x":639,"y":42}},{"font":{"actualBoundingBoxAscent":21.81640625,"actualBoundingBoxDescent":8.59375,"actualBoundingBoxLeft":-0.78125,"actualBoundingBoxRight":20.13671875,"fontBoundingBoxAscent":37,"fontBoundingBoxDescent":8,"width":22.24609375},"position":{"x":665,"y":42}},{"font":{"actualBoundingBoxAscent":21.81640625,"actualBoundingBoxDescent":0.625,"actualBoundingBoxLeft":-2.08984375,"actualBoundingBoxRight":14.1015625,"fontBoundingBoxAscent":37,"fontBoundingBoxDescent":8,"width":13.3203125},"position":{"x":691,"y":42}},{"font":{"actualBoundingBoxAscent":21.81640625,"actualBoundingBoxDescent":1.11328125,"actualBoundingBoxLeft":-0.5678513050079346,"actualBoundingBoxRight":19.0625,"fontBoundingBoxAscent":37,"fontBoundingBoxDescent":8,"width":20},"position":{"x":708,"y":42}},{"font":{"actualBoundingBoxAscent":26.50390625,"actualBoundingBoxDescent":0.8984375,"actualBoundingBoxLeft":-0.05859375,"actualBoundingBoxRight":11.38671875,"fontBoundingBoxAscent":37,"fontBoundingBoxDescent":8,"width":11.11328125},"position":{"x":731,"y":42}},{"font":{"actualBoundingBoxAscent":21.34765625,"actualBoundingBoxDescent":1.11328125,"actualBoundingBoxLeft":-2.01171875,"actualBoundingBoxRight":20.13671875,"fontBoundingBoxAscent":37,"fontBoundingBoxDescent":8,"width":22.24609375},"position":{"x":746,"y":42}},{"font":{"actualBoundingBoxAscent":21.34765625,"actualBoundingBoxDescent":0.625,"actualBoundingBoxLeft":0.3770209848880768,"actualBoundingBoxRight":20.37702178955078,"fontBoundingBoxAscent":37,"fontBoundingBoxDescent":8,"width":20},"position":{"x":772,"y":42}},{"font":{"actualBoundingBoxAscent":21.34765625,"actualBoundingBoxDescent":0.625,"actualBoundingBoxLeft":0.6459964513778687,"actualBoundingBoxRight":29.51242446899414,"fontBoundingBoxAscent":37,"fontBoundingBoxDescent":8,"width":28.88671875},"position":{"x":795,"y":42}},{"font":{"actualBoundingBoxAscent":21.34765625,"actualBoundingBoxDescent":0.625,"actualBoundingBoxLeft":0.9382386207580566,"actualBoundingBoxRight":20.935699462890625,"fontBoundingBoxAscent":37,"fontBoundingBoxDescent":8,"width":20},"position":{"x":827,"y":42}},{"font":{"actualBoundingBoxAscent":21.34765625,"actualBoundingBoxDescent":9.0234375,"actualBoundingBoxLeft":0.3770209848880768,"actualBoundingBoxRight":20.37702178955078,"fontBoundingBoxAscent":37,"fontBoundingBoxDescent":8,"width":20},"position":{"x":850,"y":42}},{"font":{"actualBoundingBoxAscent":21.34765625,"actualBoundingBoxDescent":0.625,"actualBoundingBoxLeft":-0.17578125,"actualBoundingBoxRight":19.78515625,"fontBoundingBoxAscent":37,"fontBoundingBoxDescent":8,"width":20},"position":{"x":873,"y":42}},{"font":{"actualBoundingBoxAscent":29.2578125,"actualBoundingBoxDescent":0.625,"actualBoundingBoxLeft":0.9485911130905151,"actualBoundingBoxRight":27.648693084716797,"fontBoundingBoxAscent":37,"fontBoundingBoxDescent":8,"width":26.6796875},"position":{"x":896,"y":42}},{"font":{"actualBoundingBoxAscent":29.2578125,"actualBoundingBoxDescent":0.625,"actualBoundingBoxLeft":-2.578125,"actualBoundingBoxRight":25.234384536743164,"fontBoundingBoxAscent":37,"fontBoundingBoxDescent":8,"width":26.6796875},"position":{"x":926,"y":42}},{"font":{"actualBoundingBoxAscent":29.74609375,"actualBoundingBoxDescent":1.11328125,"actualBoundingBoxLeft":-1.25,"actualBoundingBoxRight":27.526227951049805,"fontBoundingBoxAscent":37,"fontBoundingBoxDescent":8,"width":28.88671875},"position":{"x":956,"y":42}},{"font":{"actualBoundingBoxAscent":29.2578125,"actualBoundingBoxDescent":0.625,"actualBoundingBoxLeft":-2.578125,"actualBoundingBoxRight":27.5,"fontBoundingBoxAscent":37,"fontBoundingBoxDescent":8,"width":28.88671875},"position":{"x":988,"y":42}},{"font":{"actualBoundingBoxAscent":29.2578125,"actualBoundingBoxDescent":0.625,"actualBoundingBoxLeft":-2.578125,"actualBoundingBoxRight":25.17578125,"fontBoundingBoxAscent":37,"fontBoundingBoxDescent":8,"width":26.6796875},"position":{"x":1020,"y":42}},{"font":{"actualBoundingBoxAscent":29.2578125,"actualBoundingBoxDescent":0.625,"actualBoundingBoxLeft":-2.578125,"actualBoundingBoxRight":23.14453125,"fontBoundingBoxAscent":37,"fontBoundingBoxDescent":8,"width":24.43359375},"position":{"x":1050,"y":42}},{"font":{"actualBoundingBoxAscent":29.74609375,"actualBoundingBoxDescent":1.11328125,"actualBoundingBoxLeft":-1.25,"actualBoundingBoxRight":29.1796875,"fontBoundingBoxAscent":37,"fontBoundingBoxDescent":8,"width":31.11328125},"position":{"x":1078,"y":42}},{"font":{"actualBoundingBoxAscent":29.2578125,"actualBoundingBoxDescent":0.625,"actualBoundingBoxLeft":-2.578125,"actualBoundingBoxRight":26.30859375,"fontBoundingBoxAscent":37,"fontBoundingBoxDescent":8,"width":28.88671875},"position":{"x":1113,"y":42}},{"font":{"actualBoundingBoxAscent":29.2578125,"actualBoundingBoxDescent":0.625,"actualBoundingBoxLeft":-3.046875,"actualBoundingBoxRight":8.10546875,"fontBoundingBoxAscent":37,"fontBoundingBoxDescent":8,"width":11.11328125},"position":{"x":1145,"y":42}},{"font":{"actualBoundingBoxAscent":29.2578125,"actualBoundingBoxDescent":1.11328125,"actualBoundingBoxLeft":-0.44921875,"actualBoundingBoxRight":17.421875,"fontBoundingBoxAscent":37,"fontBoundingBoxDescent":8,"width":20},"position":{"x":1160,"y":42}},{"font":{"actualBoundingBoxAscent":29.2578125,"actualBoundingBoxDescent":0.625,"actualBoundingBoxLeft":-2.578125,"actualBoundingBoxRight":27.84347152709961,"fontBoundingBoxAscent":37,"fontBoundingBoxDescent":8,"width":26.6796875},"position":{"x":1183,"y":42}},{"font":{"actualBoundingBoxAscent":29.2578125,"actualBoundingBoxDescent":0.625,"actualBoundingBoxLeft":-2.578125,"actualBoundingBoxRight":21.54296875,"fontBoundingBoxAscent":37,"fontBoundingBoxDescent":8,"width":22.24609375},"position":{"x":1213,"y":42}},{"font":{"actualBoundingBoxAscent":29.2578125,"actualBoundingBoxDescent":0.625,"actualBoundingBoxLeft":-2.578125,"actualBoundingBoxRight":30.7421875,"fontBoundingBoxAscent":37,"fontBoundingBoxDescent":8,"width":33.3203125},"position":{"x":1239,"y":42}},{"font":{"actualBoundingBoxAscent":29.2578125,"actualBoundingBoxDescent":0.625,"actualBoundingBoxLeft":-2.578125,"actualBoundingBoxRight":26.30859375,"fontBoundingBoxAscent":37,"fontBoundingBoxDescent":8,"width":28.88671875},"position":{"x":1276,"y":42}},{"font":{"actualBoundingBoxAscent":29.74609375,"actualBoundingBoxDescent":1.11328125,"actualBoundingBoxLeft":-1.25,"actualBoundingBoxRight":29.90234375,"fontBoundingBoxAscent":37,"fontBoundingBoxDescent":8,"width":31.11328125},"position":{"x":1308,"y":42}},{"font":{"actualBoundingBoxAscent":29.257822036743164,"actualBoundingBoxDescent":0.625,"actualBoundingBoxLeft":-2.578125,"actualBoundingBoxRight":25.546875,"fontBoundingBoxAscent":37,"fontBoundingBoxDescent":8,"width":26.6796875},"position":{"x":1343,"y":42}},{"font":{"actualBoundingBoxAscent":29.74609375,"actualBoundingBoxDescent":3.1514663696289062,"actualBoundingBoxLeft":-1.25,"actualBoundingBoxRight":30.660486221313477,"fontBoundingBoxAscent":37,"fontBoundingBoxDescent":8,"width":31.11328125},"position":{"x":1373,"y":42}},{"font":{"actualBoundingBoxAscent":29.2578125,"actualBoundingBoxDescent":0.625,"actualBoundingBoxLeft":-2.578125,"actualBoundingBoxRight":27.966642379760742,"fontBoundingBoxAscent":37,"fontBoundingBoxDescent":8,"width":28.88671875},"position":{"x":1408,"y":42}},{"font":{"actualBoundingBoxAscent":29.746103286743164,"actualBoundingBoxDescent":1.11328125,"actualBoundingBoxLeft":-1.148518443107605,"actualBoundingBoxRight":25.234378814697266,"fontBoundingBoxAscent":37,"fontBoundingBoxDescent":8,"width":26.6796875},"position":{"x":1440,"y":42}},{"font":{"actualBoundingBoxAscent":29.2578125,"actualBoundingBoxDescent":0.625,"actualBoundingBoxLeft":-0.25390625,"actualBoundingBoxRight":24.1796875,"fontBoundingBoxAscent":37,"fontBoundingBoxDescent":8,"width":24.43359375},"position":{"x":1470,"y":42}},{"font":{"actualBoundingBoxAscent":29.2578125,"actualBoundingBoxDescent":1.11328125,"actualBoundingBoxLeft":-2.578125,"actualBoundingBoxRight":26.30859375,"fontBoundingBoxAscent":37,"fontBoundingBoxDescent":8,"width":28.88671875},"position":{"x":1498,"y":42}},{"font":{"actualBoundingBoxAscent":29.2578125,"actualBoundingBoxDescent":0.625,"actualBoundingBoxLeft":0.6792134642601013,"actualBoundingBoxRight":27.319839477539062,"fontBoundingBoxAscent":37,"fontBoundingBoxDescent":8,"width":26.6796875},"position":{"x":1530,"y":42}},{"font":{"actualBoundingBoxAscent":29.2578125,"actualBoundingBoxDescent":0.625,"actualBoundingBoxLeft":0.332794189453125,"actualBoundingBoxRight":38.18489456176758,"fontBoundingBoxAscent":37,"fontBoundingBoxDescent":8,"width":37.75390625},"position":{"x":1560,"y":42}},{"font":{"actualBoundingBoxAscent":29.2578125,"actualBoundingBoxDescent":0.625,"actualBoundingBoxLeft":1.0340315103530884,"actualBoundingBoxRight":27.716293334960938,"fontBoundingBoxAscent":37,"fontBoundingBoxDescent":8,"width":26.6796875},"position":{"x":1601,"y":42}},{"font":{"actualBoundingBoxAscent":29.2578125,"actualBoundingBoxDescent":0.625,"actualBoundingBoxLeft":0.9871164560317993,"actualBoundingBoxRight":27.666805267333984,"fontBoundingBoxAscent":37,"fontBoundingBoxDescent":8,"width":26.6796875},"position":{"x":1631,"y":42}},{"font":{"actualBoundingBoxAscent":29.2578125,"actualBoundingBoxDescent":0.625,"actualBoundingBoxLeft":-0.09765625,"actualBoundingBoxRight":23.984375,"fontBoundingBoxAscent":37,"fontBoundingBoxDescent":8,"width":24.43359375},"position":{"x":1661,"y":42}},{"font":{"actualBoundingBoxAscent":29.2578125,"actualBoundingBoxDescent":0.625,"actualBoundingBoxLeft":-2.9296875,"actualBoundingBoxRight":8.18359375,"fontBoundingBoxAscent":37,"fontBoundingBoxDescent":8,"width":11.11328125},"position":{"x":1689,"y":42}},{"font":{"actualBoundingBoxAscent":24.21875,"actualBoundingBoxDescent":-4.0234375,"actualBoundingBoxLeft":-1.58203125,"actualBoundingBoxRight":21.77734375,"fontBoundingBoxAscent":37,"fontBoundingBoxDescent":8,"width":23.359375},"position":{"x":1704,"y":42}},{"font":{"actualBoundingBoxAscent":12.75390625,"actualBoundingBoxDescent":-7.96875,"actualBoundingBoxLeft":-0.6640625,"actualBoundingBoxRight":12.65625,"fontBoundingBoxAscent":37,"fontBoundingBoxDescent":8,"width":13.3203125},"position":{"x":1731,"y":42}},{"font":{"actualBoundingBoxAscent":29.74609375,"actualBoundingBoxDescent":-15.884788513183594,"actualBoundingBoxLeft":-0.4803106188774109,"actualBoundingBoxRight":15.047221183776855,"fontBoundingBoxAscent":37,"fontBoundingBoxDescent":8,"width":15.56640625},"position":{"x":1748,"y":42}},{"font":{"actualBoundingBoxAscent":29.2578125,"actualBoundingBoxDescent":0.625,"actualBoundingBoxLeft":0.8313795328140259,"actualBoundingBoxRight":11.944661140441895,"fontBoundingBoxAscent":37,"fontBoundingBoxDescent":8,"width":11.11328125},"position":{"x":1767,"y":42}}],"name":"Microsoft Sans Serif","size":40,"bold":true,"italic":false,"color":"ffffff","text":"0123456789.,abcdefghijklmnopqrstuvwxyzABCDEFGHIJKLMNOPQRSTUVWXYZ!+-*/"}
