{
   "dataType" : 2,
   "tsunami" : 2,
   "points" : [],
   "maxRank" : "3",
   "text" : "念のため津波情報に注意してください。\n\n【震度3・茨城県】\n茨城県南部\n\n【震度3・埼玉県】\n埼玉県北部\n埼玉県南部\n\n【震度3・千葉県】\n千葉県北東部\n千葉県北西部\n千葉県南部\n\n【震度3・東京都】\n東京都２３区\n東京都多摩東部\n\n【震度3・神奈川県】\n神奈川県東部\n神奈川県西部\n\n【震度3・静岡県】\n静岡県伊豆",
   "quakeID" : "20221103190442",
   "title" : "震度速報",
   "quakeTime" : 1667469840,
   "areas" : [
      {
         "lat" : 36,
         "pointName" : "茨城県南部",
         "lon" : 140.25,
         "rank" : "3",
         "code" : "301"
      },
      {
         "lat" : 36.08333,
         "pointName" : "埼玉県北部",
         "lon" : 139.33333,
         "rank" : "3",
         "code" : "330"
      },
      {
         "lat" : 35.91667,
         "pointName" : "埼玉県南部",
         "lon" : 139.58333,
         "rank" : "3",
         "code" : "331"
      },
      {
         "lat" : 35.5,
         "pointName" : "千葉県北東部",
         "lon" : 140.5,
         "rank" : "3",
         "code" : "340"
      },
      {
         "lat" : 35.58333,
         "pointName" : "千葉県北西部",
         "lon" : 140.16667,
         "rank" : "3",
         "code" : "341"
      },
      {
         "lat" : 35.125,
         "pointName" : "千葉県南部",
         "lon" : 140,
         "rank" : "3",
         "code" : "342"
      },
      {
         "lat" : 35.66667,
         "pointName" : "東京都２３区",
         "lon" : 139.75,
         "rank" : "3",
         "code" : "350"
      },
      {
         "lat" : 35.66667,
         "pointName" : "東京都多摩東部",
         "lon" : 139.41667,
         "rank" : "3",
         "code" : "351"
      },
      {
         "lat" : 35.38333,
         "pointName" : "神奈川県東部",
         "lon" : 139.5,
         "rank" : "3",
         "code" : "360"
      },
      {
         "lat" : 35.41667,
         "pointName" : "神奈川県西部",
         "lon" : 139.16667,
         "rank" : "3",
         "code" : "361"
      },
      {
         "lat" : 34.83333,
         "pointName" : "静岡県伊豆",
         "lon" : 138.91667,
         "rank" : "3",
         "code" : "440"
      }
   ],
   "cities" : []
}
