{
   "magnitude" : "5.1",
   "dataType" : 3,
   "tsunami" : 0,
   "points" : [
      {
         "lat" : 44.81139,
         "pointName" : "上川中川町中川",
         "lon" : 142.07111,
         "rank" : "5-",
         "code" : "0147120"
      },
      {
         "lat" : 44.72806,
         "pointName" : "音威子府村音威子府",
         "lon" : 142.26333,
         "rank" : "3",
         "code" : "0147020"
      },
      {
         "lat" : 44.35556,
         "pointName" : "名寄市大通",
         "lon" : 142.46306,
         "rank" : "2",
         "code" : "0122100"
      },
      {
         "lat" : 44.29194,
         "pointName" : "名寄市風連町",
         "lon" : 142.41417,
         "rank" : "2",
         "code" : "0122131"
      },
      {
         "lat" : 44.35972,
         "pointName" : "名寄市西５条",
         "lon" : 142.45444,
         "rank" : "1",
         "code" : "0122120"
      },
      {
         "lat" : 44.09583,
         "pointName" : "剣淵町仲町",
         "lon" : 142.36167,
         "rank" : "2",
         "code" : "0146531"
      },
      {
         "lat" : 44.48056,
         "pointName" : "美深町西町",
         "lon" : 142.3425,
         "rank" : "2",
         "code" : "0146920"
      },
      {
         "lat" : 44.54472,
         "pointName" : "美深町仁宇布",
         "lon" : 142.56917,
         "rank" : "1",
         "code" : "0146921"
      },
      {
         "lat" : 44.28278,
         "pointName" : "幌加内町朱鞠内",
         "lon" : 142.16167,
         "rank" : "2",
         "code" : "0147221"
      },
      {
         "lat" : 44.17694,
         "pointName" : "士別市東６条",
         "lon" : 142.40111,
         "rank" : "1",
         "code" : "0122002"
      },
      {
         "lat" : 44.18194,
         "pointName" : "士別市東３条",
         "lon" : 142.39417,
         "rank" : "1",
         "code" : "0122021"
      },
      {
         "lat" : 44.02333,
         "pointName" : "和寒町西町",
         "lon" : 142.41222,
         "rank" : "1",
         "code" : "0146420"
      },
      {
         "lat" : 44.71972,
         "pointName" : "遠別町本町",
         "lon" : 141.79472,
         "rank" : "3",
         "code" : "0148620"
      },
      {
         "lat" : 44.88444,
         "pointName" : "天塩町川口",
         "lon" : 141.75028,
         "rank" : "3",
         "code" : "0148720"
      },
      {
         "lat" : 44.30583,
         "pointName" : "苫前町旭",
         "lon" : 141.65278,
         "rank" : "2",
         "code" : "0148331"
      },
      {
         "lat" : 44.36306,
         "pointName" : "羽幌町南３条",
         "lon" : 141.70083,
         "rank" : "2",
         "code" : "0148400"
      },
      {
         "lat" : 44.36083,
         "pointName" : "羽幌町南町",
         "lon" : 141.69778,
         "rank" : "2",
         "code" : "0148420"
      },
      {
         "lat" : 44.42917,
         "pointName" : "羽幌町焼尻",
         "lon" : 141.42278,
         "rank" : "1",
         "code" : "0148401"
      },
      {
         "lat" : 44.40167,
         "pointName" : "初山別村有明",
         "lon" : 141.84917,
         "rank" : "2",
         "code" : "0148500"
      },
      {
         "lat" : 44.53222,
         "pointName" : "初山別村初山別",
         "lon" : 141.76639,
         "rank" : "2",
         "code" : "0148520"
      },
      {
         "lat" : 45.10306,
         "pointName" : "豊富町西６条",
         "lon" : 141.76639,
         "rank" : "3",
         "code" : "0151620"
      },
      {
         "lat" : 45.01722,
         "pointName" : "幌延町宮園町",
         "lon" : 141.84917,
         "rank" : "3",
         "code" : "0152031"
      },
      {
         "lat" : 45.25222,
         "pointName" : "稚内市沼川",
         "lon" : 141.85306,
         "rank" : "2",
         "code" : "0121423"
      },
      {
         "lat" : 45.31806,
         "pointName" : "稚内市恵北",
         "lon" : 141.89333,
         "rank" : "1",
         "code" : "0121401"
      },
      {
         "lat" : 45.41528,
         "pointName" : "稚内市開運",
         "lon" : 141.67806,
         "rank" : "1",
         "code" : "0121402"
      },
      {
         "lat" : 45.41611,
         "pointName" : "稚内市中央",
         "lon" : 141.67194,
         "rank" : "1",
         "code" : "0121420"
      },
      {
         "lat" : 45.21472,
         "pointName" : "猿払村浅茅野",
         "lon" : 142.22583,
         "rank" : "2",
         "code" : "0151121"
      },
      {
         "lat" : 45.12667,
         "pointName" : "浜頓別町クッチャロ",
         "lon" : 142.35139,
         "rank" : "2",
         "code" : "0151220"
      },
      {
         "lat" : 44.97,
         "pointName" : "中頓別町中頓別",
         "lon" : 142.29,
         "rank" : "2",
         "code" : "0151320"
      },
      {
         "lat" : 44.9375,
         "pointName" : "宗谷枝幸町栄町",
         "lon" : 142.57417,
         "rank" : "2",
         "code" : "0151420"
      },
      {
         "lat" : 44.84167,
         "pointName" : "宗谷枝幸町歌登東町",
         "lon" : 142.48083,
         "rank" : "2",
         "code" : "0151421"
      },
      {
         "lat" : 44.96111,
         "pointName" : "宗谷枝幸町岬町",
         "lon" : 142.57972,
         "rank" : "1",
         "code" : "0151401"
      },
      {
         "lat" : 44.94,
         "pointName" : "宗谷枝幸町本町",
         "lon" : 142.585,
         "rank" : "1",
         "code" : "0151403"
      },
      {
         "lat" : 44.74056,
         "pointName" : "宗谷枝幸町風烈布",
         "lon" : 142.76306,
         "rank" : "1",
         "code" : "0151422"
      },
      {
         "lat" : 44.47944,
         "pointName" : "興部町興部",
         "lon" : 143.1275,
         "rank" : "2",
         "code" : "0156120"
      },
      {
         "lat" : 44.34528,
         "pointName" : "紋別市南が丘町",
         "lon" : 143.35528,
         "rank" : "1",
         "code" : "0121901"
      },
      {
         "lat" : 44.35556,
         "pointName" : "紋別市幸町",
         "lon" : 143.35361,
         "rank" : "1",
         "code" : "0121920"
      },
      {
         "lat" : 44.21972,
         "pointName" : "湧別町栄町",
         "lon" : 143.61528,
         "rank" : "1",
         "code" : "0155920"
      },
      {
         "lat" : 44.5825,
         "pointName" : "雄武町雄武",
         "lon" : 142.96167,
         "rank" : "1",
         "code" : "0156301"
      },
      {
         "lat" : 43.1825,
         "pointName" : "小樽市勝納町",
         "lon" : 141.01694,
         "rank" : "1",
         "code" : "0120300"
      },
      {
         "lat" : 43.94056,
         "pointName" : "留萌市幸町",
         "lon" : 141.63694,
         "rank" : "1",
         "code" : "0121220"
      },
      {
         "lat" : 43.77333,
         "pointName" : "増毛町岩尾",
         "lon" : 141.36833,
         "rank" : "1",
         "code" : "0148121"
      },
      {
         "lat" : 44.14861,
         "pointName" : "小平町鬼鹿",
         "lon" : 141.66444,
         "rank" : "1",
         "code" : "0148220"
      },
      {
         "lat" : 44.04917,
         "pointName" : "小平町達布",
         "lon" : 141.85722,
         "rank" : "1",
         "code" : "0148221"
      },
      {
         "lat" : 45.42333,
         "pointName" : "礼文町上泊埼",
         "lon" : 141.065,
         "rank" : "1",
         "code" : "0151700"
      },
      {
         "lat" : 45.44056,
         "pointName" : "礼文町船泊",
         "lon" : 141.03667,
         "rank" : "1",
         "code" : "0151721"
      },
      {
         "lat" : 45.18694,
         "pointName" : "利尻町沓形",
         "lon" : 141.13972,
         "rank" : "1",
         "code" : "0151831"
      },
      {
         "lat" : 45.14,
         "pointName" : "利尻富士町鬼脇",
         "lon" : 141.30722,
         "rank" : "1",
         "code" : "0151900"
      }
   ],
   "spot" : {
      "lat" : 44.9,
      "name" : "宗谷地方北部",
      "lon" : 142.1,
      "depth" : "約10km",
      "code" : "135"
   },
   "maxRank" : "5-",
   "text" : "津波の心配はありません。\n\n【震度5弱・北海道】\n上川中川町中川\n\n【震度3・北海道】\n音威子府村音威子府\n遠別町本町\n天塩町川口\n豊富町西６条\n幌延町宮園町\n\n【震度2・北海道】\n名寄市大通\n名寄市風連町\n剣淵町仲町\n美深町西町\n幌加内町朱鞠内\n苫前町旭\n羽幌町南３条\n羽幌町南町\n初山別村有明\n初山別村初山別\n稚内市沼川\n猿払村浅茅野\n浜頓別町クッチャロ\n中頓別町中頓別\n宗谷枝幸町栄町\n宗谷枝幸町歌登東町\n興部町興部\n\n【震度1・北海道】\n名寄市西５条\n美深町仁宇布\n士別市東６条\n士別市東３条\n和寒町西町\n羽幌町焼尻\n稚内市恵北\n稚内市開運\n稚内市中央\n宗谷枝幸町岬町\n宗谷枝幸町本町\n宗谷枝幸町風烈布\n紋別市南が丘町\n紋別市幸町\n湧別町栄町\n雄武町雄武\n小樽市勝納町\n留萌市幸町\n増毛町岩尾\n小平町鬼鹿\n小平町達布\n礼文町上泊埼\n礼文町船泊\n利尻町沓形\n利尻富士町鬼脇",
   "quakeID" : "20220811003522",
   "title" : "宗谷地方北部",
   "cities" : [
      {
         "lat" : 44.81139,
         "pointName" : "上川中川町",
         "lon" : 142.07111,
         "rank" : "5-",
         "code" : "0147100"
      },
      {
         "lat" : 44.72806,
         "pointName" : "音威子府村",
         "lon" : 142.26333,
         "rank" : "3",
         "code" : "0147000"
      },
      {
         "lat" : 44.35556,
         "pointName" : "名寄市",
         "lon" : 142.46306,
         "rank" : "2",
         "code" : "0122100"
      },
      {
         "lat" : 44.09583,
         "pointName" : "剣淵町",
         "lon" : 142.36167,
         "rank" : "2",
         "code" : "0146500"
      },
      {
         "lat" : 44.48056,
         "pointName" : "美深町",
         "lon" : 142.3425,
         "rank" : "2",
         "code" : "0146900"
      },
      {
         "lat" : 44.00694,
         "pointName" : "幌加内町",
         "lon" : 142.14833,
         "rank" : "2",
         "code" : "0147200"
      },
      {
         "lat" : 44.11861,
         "pointName" : "士別市",
         "lon" : 142.59306,
         "rank" : "1",
         "code" : "0122000"
      },
      {
         "lat" : 44.02333,
         "pointName" : "和寒町",
         "lon" : 142.41222,
         "rank" : "1",
         "code" : "0146400"
      },
      {
         "lat" : 44.71972,
         "pointName" : "遠別町",
         "lon" : 141.79472,
         "rank" : "3",
         "code" : "0148600"
      },
      {
         "lat" : 44.88444,
         "pointName" : "天塩町",
         "lon" : 141.75028,
         "rank" : "3",
         "code" : "0148700"
      },
      {
         "lat" : 44.30583,
         "pointName" : "苫前町",
         "lon" : 141.65278,
         "rank" : "2",
         "code" : "0148300"
      },
      {
         "lat" : 44.36306,
         "pointName" : "羽幌町",
         "lon" : 141.70083,
         "rank" : "2",
         "code" : "0148400"
      },
      {
         "lat" : 44.40167,
         "pointName" : "初山別村",
         "lon" : 141.84917,
         "rank" : "2",
         "code" : "0148500"
      },
      {
         "lat" : 45.10306,
         "pointName" : "豊富町",
         "lon" : 141.76639,
         "rank" : "3",
         "code" : "0151600"
      },
      {
         "lat" : 45.01722,
         "pointName" : "幌延町",
         "lon" : 141.84917,
         "rank" : "3",
         "code" : "0152000"
      },
      {
         "lat" : 45.31806,
         "pointName" : "稚内市",
         "lon" : 141.89333,
         "rank" : "2",
         "code" : "0121400"
      },
      {
         "lat" : 45.21472,
         "pointName" : "猿払村",
         "lon" : 142.22583,
         "rank" : "2",
         "code" : "0151100"
      },
      {
         "lat" : 45.12667,
         "pointName" : "浜頓別町",
         "lon" : 142.35139,
         "rank" : "2",
         "code" : "0151200"
      },
      {
         "lat" : 44.97,
         "pointName" : "中頓別町",
         "lon" : 142.29,
         "rank" : "2",
         "code" : "0151300"
      },
      {
         "lat" : 44.96111,
         "pointName" : "宗谷枝幸町",
         "lon" : 142.57972,
         "rank" : "2",
         "code" : "0151400"
      },
      {
         "lat" : 44.47944,
         "pointName" : "興部町",
         "lon" : 143.1275,
         "rank" : "2",
         "code" : "0156100"
      },
      {
         "lat" : 44.34528,
         "pointName" : "紋別市",
         "lon" : 143.35528,
         "rank" : "1",
         "code" : "0121900"
      },
      {
         "lat" : 44.21972,
         "pointName" : "湧別町",
         "lon" : 143.61528,
         "rank" : "1",
         "code" : "0155900"
      },
      {
         "lat" : 44.5825,
         "pointName" : "雄武町",
         "lon" : 142.96167,
         "rank" : "1",
         "code" : "0156300"
      },
      {
         "lat" : 43.1825,
         "pointName" : "小樽市",
         "lon" : 141.01694,
         "rank" : "1",
         "code" : "0120300"
      },
      {
         "lat" : 43.94611,
         "pointName" : "留萌市",
         "lon" : 141.63194,
         "rank" : "1",
         "code" : "0121200"
      },
      {
         "lat" : 43.85139,
         "pointName" : "増毛町",
         "lon" : 141.52778,
         "rank" : "1",
         "code" : "0148100"
      },
      {
         "lat" : 44.14861,
         "pointName" : "小平町",
         "lon" : 141.66444,
         "rank" : "1",
         "code" : "0148200"
      },
      {
         "lat" : 45.42333,
         "pointName" : "礼文町",
         "lon" : 141.065,
         "rank" : "1",
         "code" : "0151700"
      },
      {
         "lat" : 45.18694,
         "pointName" : "利尻町",
         "lon" : 141.13972,
         "rank" : "1",
         "code" : "0151800"
      },
      {
         "lat" : 45.14,
         "pointName" : "利尻富士町",
         "lon" : 141.30722,
         "rank" : "1",
         "code" : "0151900"
      }
   ],
   "areas" : [
      {
         "lat" : 44.25,
         "pointName" : "上川地方北部",
         "lon" : 142.5,
         "rank" : "5-",
         "code" : "125"
      },
      {
         "lat" : 44.5,
         "pointName" : "留萌地方中北部",
         "lon" : 141.83333,
         "rank" : "3",
         "code" : "130"
      },
      {
         "lat" : 45.25,
         "pointName" : "宗谷地方北部",
         "lon" : 141.83333,
         "rank" : "3",
         "code" : "135"
      },
      {
         "lat" : 44.91667,
         "pointName" : "宗谷地方南部",
         "lon" : 142.41667,
         "rank" : "2",
         "code" : "136"
      },
      {
         "lat" : 44.16667,
         "pointName" : "紋別地方",
         "lon" : 143.16667,
         "rank" : "2",
         "code" : "142"
      },
      {
         "lat" : 43.16667,
         "pointName" : "後志地方北部",
         "lon" : 140.75,
         "rank" : "1",
         "code" : "115"
      },
      {
         "lat" : 44,
         "pointName" : "留萌地方南部",
         "lon" : 141.75,
         "rank" : "1",
         "code" : "131"
      },
      {
         "lat" : 45.16667,
         "pointName" : "北海道利尻礼文",
         "lon" : 140.83333,
         "rank" : "1",
         "code" : "139"
      }
   ],
   "quakeTime" : 1660145700
}
