{
   "list" : [
      {
         "title" : "2022年 8月16日(火)",
         "list" : [
            {
               "dataType" : 2,
               "spotCode" : "000",
               "spotName" : null,
               "maxRank" : "3",
               "url" : "https://tpf.weathernews.jp/sp/quake/json/202208/20220816185442.2.000.json",
               "title" : "震度速報",
               "quakeID" : "20220816185442",
               "quakeTime" : 1660643640
            },
            {
               "dataType" : 3,
               "spotCode" : "390",
               "spotName" : "石川県能登地方",
               "maxRank" : "2",
               "url" : "https://tpf.weathernews.jp/sp/quake/json/202208/20220816175559.3.001.json",
               "title" : "石川県能登地方",
               "quakeID" : "20220816175559",
               "quakeTime" : 1660640100
            },
            {
               "dataType" : 3,
               "spotCode" : "571",
               "spotName" : "島根県西部",
               "maxRank" : "2",
               "url" : "https://tpf.weathernews.jp/sp/quake/json/202208/20220816160433.3.001.json",
               "title" : "島根県西部",
               "quakeID" : "20220816160433",
               "quakeTime" : 1660633440
            },
            {
               "dataType" : 3,
               "spotCode" : "191",
               "spotName" : "十勝沖",
               "maxRank" : "1",
               "url" : "https://tpf.weathernews.jp/sp/quake/json/202208/20220816143201.3.001.json",
               "title" : "十勝沖",
               "quakeID" : "20220816143201",
               "quakeTime" : 1660627920
            },
            {
               "dataType" : 3,
               "spotCode" : "380",
               "spotName" : "富山県東部",
               "maxRank" : "1",
               "url" : "https://tpf.weathernews.jp/sp/quake/json/202208/20220816100607.3.001.json",
               "title" : "富山県東部",
               "quakeID" : "20220816100607",
               "quakeTime" : 1660611960
            },
            {
               "dataType" : 3,
               "spotCode" : "321",
               "spotName" : "群馬県南部",
               "maxRank" : "1",
               "url" : "https://tpf.weathernews.jp/sp/quake/json/202208/20220816081701.3.001.json",
               "title" : "群馬県南部",
               "quakeID" : "20220816081701",
               "quakeTime" : 1660605420
            },
            {
               "dataType" : 3,
               "spotCode" : "210",
               "spotName" : "岩手県沿岸北部",
               "maxRank" : "2",
               "url" : "https://tpf.weathernews.jp/sp/quake/json/202208/20220816012935.3.001.json",
               "title" : "岩手県沿岸北部",
               "quakeID" : "20220816012935",
               "quakeTime" : 1660580940
            },
            {
               "dataType" : 3,
               "spotCode" : "798",
               "spotName" : "トカラ列島近海",
               "maxRank" : "1",
               "url" : "https://tpf.weathernews.jp/sp/quake/json/202208/20220816005211.3.001.json",
               "title" : "トカラ列島近海",
               "quakeID" : "20220816005211",
               "quakeTime" : 1660578720
            }
         ]
      },
      {
         "title" : "2022年 8月15日(月)",
         "list" : [
            {
               "dataType" : 3,
               "spotCode" : "287",
               "spotName" : "宮城県沖",
               "maxRank" : "1",
               "url" : "https://tpf.weathernews.jp/sp/quake/json/202208/20220815201450.3.001.json",
               "title" : "宮城県沖",
               "quakeID" : "20220815201450",
               "quakeTime" : 1660562040
            },
            {
               "dataType" : 3,
               "spotCode" : "562",
               "spotName" : "鳥取県中部",
               "maxRank" : "3",
               "url" : "https://tpf.weathernews.jp/sp/quake/json/202208/20220815195653.3.001.json",
               "title" : "鳥取県中部",
               "quakeID" : "20220815195653",
               "quakeTime" : 1660560960
            },
            {
               "dataType" : 3,
               "spotCode" : "420",
               "spotName" : "長野県北部",
               "maxRank" : "1",
               "url" : "https://tpf.weathernews.jp/sp/quake/json/202208/20220815101830.3.001.json",
               "title" : "長野県北部",
               "quakeID" : "20220815101830",
               "quakeTime" : 1660526280
            },
            {
               "dataType" : 3,
               "spotCode" : "681",
               "spotName" : "豊後水道",
               "maxRank" : "1",
               "url" : "https://tpf.weathernews.jp/sp/quake/json/202208/20220815072652.3.001.json",
               "title" : "豊後水道",
               "quakeID" : "20220815072652",
               "quakeTime" : 1660515960
            }
         ]
      },
      {
         "title" : "2022年 8月14日(日)",
         "list" : [
            {
               "dataType" : 3,
               "spotCode" : "390",
               "spotName" : "石川県能登地方",
               "maxRank" : "2",
               "url" : "https://tpf.weathernews.jp/sp/quake/json/202208/20220814192832.3.001.json",
               "title" : "石川県能登地方",
               "quakeID" : "20220814192832",
               "quakeTime" : 1660472880
            },
            {
               "dataType" : 3,
               "spotCode" : "390",
               "spotName" : "石川県能登地方",
               "maxRank" : "3",
               "url" : "https://tpf.weathernews.jp/sp/quake/json/202208/20220814191404.3.001.json",
               "title" : "石川県能登地方",
               "quakeID" : "20220814191404",
               "quakeTime" : 1660472040
            },
            {
               "dataType" : 3,
               "spotCode" : "411",
               "spotName" : "山梨県中・西部",
               "maxRank" : "1",
               "url" : "https://tpf.weathernews.jp/sp/quake/json/202208/20220814165856.3.001.json",
               "title" : "山梨県中・西部",
               "quakeID" : "20220814165856",
               "quakeTime" : 1660463880
            },
            {
               "dataType" : 3,
               "spotCode" : "186",
               "spotName" : "国後島付近",
               "maxRank" : "1",
               "url" : "https://tpf.weathernews.jp/sp/quake/json/202208/20220814124525.3.001.json",
               "title" : "国後島付近",
               "quakeID" : "20220814124525",
               "quakeTime" : 1660448700
            },
            {
               "dataType" : 3,
               "spotCode" : "501",
               "spotName" : "滋賀県南部",
               "maxRank" : "1",
               "url" : "https://tpf.weathernews.jp/sp/quake/json/202208/20220814091603.3.001.json",
               "title" : "滋賀県南部",
               "quakeID" : "20220814091603",
               "quakeTime" : 1660436160
            },
            {
               "dataType" : 3,
               "spotCode" : "287",
               "spotName" : "宮城県沖",
               "maxRank" : "1",
               "url" : "https://tpf.weathernews.jp/sp/quake/json/202208/20220814091036.3.001.json",
               "title" : "宮城県沖",
               "quakeID" : "20220814091036",
               "quakeTime" : 1660435800
            },
            {
               "dataType" : 3,
               "spotCode" : "858",
               "spotName" : "沖縄本島北西沖",
               "maxRank" : "1",
               "url" : "https://tpf.weathernews.jp/sp/quake/json/202208/20220814082721.3.001.json",
               "title" : "沖縄本島北西沖",
               "quakeID" : "20220814082721",
               "quakeTime" : 1660433220
            },
            {
               "dataType" : 3,
               "spotCode" : "473",
               "spotName" : "千葉県東方沖",
               "maxRank" : "2",
               "url" : "https://tpf.weathernews.jp/sp/quake/json/202208/20220814065752.3.001.json",
               "title" : "千葉県東方沖",
               "quakeID" : "20220814065752",
               "quakeTime" : 1660427820
            },
            {
               "dataType" : 3,
               "spotCode" : "156",
               "spotName" : "十勝地方中部",
               "maxRank" : "1",
               "url" : "https://tpf.weathernews.jp/sp/quake/json/202208/20220814060258.3.001.json",
               "title" : "十勝地方中部",
               "quakeID" : "20220814060258",
               "quakeTime" : 1660424520
            },
            {
               "dataType" : 3,
               "spotCode" : "905",
               "spotName" : "オホーツク海南部",
               "maxRank" : "2",
               "url" : "https://tpf.weathernews.jp/sp/quake/json/202208/20220814042700.3.001.json",
               "title" : "オホーツク海南部",
               "quakeID" : "20220814042700",
               "quakeTime" : 1660418760
            },
            {
               "dataType" : 3,
               "spotCode" : "250",
               "spotName" : "福島県中通り",
               "maxRank" : "2",
               "url" : "https://tpf.weathernews.jp/sp/quake/json/202208/20220814004134.3.001.json",
               "title" : "福島県中通り",
               "quakeID" : "20220814004134",
               "quakeTime" : 1660405260
            }
         ]
      },
      {
         "title" : "2022年 8月13日(土)",
         "list" : [
            {
               "dataType" : 3,
               "spotCode" : "390",
               "spotName" : "石川県能登地方",
               "maxRank" : "1",
               "url" : "https://tpf.weathernews.jp/sp/quake/json/202208/20220813065026.3.001.json",
               "title" : "石川県能登地方",
               "quakeID" : "20220813065026",
               "quakeTime" : 1660341000
            },
            {
               "dataType" : 3,
               "spotCode" : "390",
               "spotName" : "石川県能登地方",
               "maxRank" : "1",
               "url" : "https://tpf.weathernews.jp/sp/quake/json/202208/20220813053954.3.001.json",
               "title" : "石川県能登地方",
               "quakeID" : "20220813053954",
               "quakeTime" : 1660336740
            }
         ]
      },
      {
         "title" : "2022年 8月12日(金)",
         "list" : [
            {
               "dataType" : 3,
               "spotCode" : "135",
               "spotName" : "宗谷地方北部",
               "maxRank" : "1",
               "url" : "https://tpf.weathernews.jp/sp/quake/json/202208/20220812231210.3.001.json",
               "title" : "宗谷地方北部",
               "quakeID" : "20220812231210",
               "quakeTime" : 1660313520
            },
            {
               "dataType" : 3,
               "spotCode" : "473",
               "spotName" : "千葉県東方沖",
               "maxRank" : "2",
               "url" : "https://tpf.weathernews.jp/sp/quake/json/202208/20220812211107.3.001.json",
               "title" : "千葉県東方沖",
               "quakeID" : "20220812211107",
               "quakeTime" : 1660306260
            },
            {
               "dataType" : 3,
               "spotCode" : "135",
               "spotName" : "宗谷地方北部",
               "maxRank" : "1",
               "url" : "https://tpf.weathernews.jp/sp/quake/json/202208/20220812145247.3.001.json",
               "title" : "宗谷地方北部",
               "quakeID" : "20220812145247",
               "quakeTime" : 1660283520
            },
            {
               "dataType" : 3,
               "spotCode" : "135",
               "spotName" : "宗谷地方北部",
               "maxRank" : "3",
               "url" : "https://tpf.weathernews.jp/sp/quake/json/202208/20220812133756.3.001.json",
               "title" : "宗谷地方北部",
               "quakeID" : "20220812133756",
               "quakeTime" : 1660279020
            },
            {
               "dataType" : 3,
               "spotCode" : "287",
               "spotName" : "宮城県沖",
               "maxRank" : "1",
               "url" : "https://tpf.weathernews.jp/sp/quake/json/202208/20220812131048.3.001.json",
               "title" : "宮城県沖",
               "quakeID" : "20220812131048",
               "quakeTime" : 1660277400
            },
            {
               "dataType" : 3,
               "spotCode" : "287",
               "spotName" : "宮城県沖",
               "maxRank" : "2",
               "url" : "https://tpf.weathernews.jp/sp/quake/json/202208/20220812094813.3.001.json",
               "title" : "宮城県沖",
               "quakeID" : "20220812094813",
               "quakeTime" : 1660265280
            },
            {
               "dataType" : 3,
               "spotCode" : "285",
               "spotName" : "青森県東方沖",
               "maxRank" : "1",
               "url" : "https://tpf.weathernews.jp/sp/quake/json/202208/20220812084610.3.001.json",
               "title" : "青森県東方沖",
               "quakeID" : "20220812084610",
               "quakeTime" : 1660261560
            },
            {
               "dataType" : 3,
               "spotCode" : "285",
               "spotName" : "青森県東方沖",
               "maxRank" : "1",
               "url" : "https://tpf.weathernews.jp/sp/quake/json/202208/20220812055430.3.001.json",
               "title" : "青森県東方沖",
               "quakeID" : "20220812055430",
               "quakeTime" : 1660251240
            }
         ]
      },
      {
         "title" : "2022年 8月11日(木)",
         "list" : [
            {
               "dataType" : 3,
               "spotCode" : "135",
               "spotName" : "宗谷地方北部",
               "maxRank" : "2",
               "url" : "https://tpf.weathernews.jp/sp/quake/json/202208/20220811194530.3.001.json",
               "title" : "宗谷地方北部",
               "quakeID" : "20220811194530",
               "quakeTime" : 1660214700
            },
            {
               "dataType" : 3,
               "spotCode" : "301",
               "spotName" : "茨城県南部",
               "maxRank" : "1",
               "url" : "https://tpf.weathernews.jp/sp/quake/json/202208/20220811090223.3.001.json",
               "title" : "茨城県南部",
               "quakeID" : "20220811090223",
               "quakeTime" : 1660176120
            },
            {
               "dataType" : 3,
               "spotCode" : "422",
               "spotName" : "長野県南部",
               "maxRank" : "1",
               "url" : "https://tpf.weathernews.jp/sp/quake/json/202208/20220811090051.3.001.json",
               "title" : "長野県南部",
               "quakeID" : "20220811090051",
               "quakeTime" : 1660176000
            },
            {
               "dataType" : 3,
               "spotCode" : "125",
               "spotName" : "上川地方北部",
               "maxRank" : "1",
               "url" : "https://tpf.weathernews.jp/sp/quake/json/202208/20220811064344.3.001.json",
               "title" : "上川地方北部",
               "quakeID" : "20220811064344",
               "quakeTime" : 1660167780
            },
            {
               "dataType" : 3,
               "spotCode" : "135",
               "spotName" : "宗谷地方北部",
               "maxRank" : "2",
               "url" : "https://tpf.weathernews.jp/sp/quake/json/202208/20220811042739.3.001.json",
               "title" : "宗谷地方北部",
               "quakeID" : "20220811042739",
               "quakeTime" : 1660159620
            },
            {
               "dataType" : 3,
               "spotCode" : "135",
               "spotName" : "宗谷地方北部",
               "maxRank" : "1",
               "url" : "https://tpf.weathernews.jp/sp/quake/json/202208/20220811041602.3.001.json",
               "title" : "宗谷地方北部",
               "quakeID" : "20220811041602",
               "quakeTime" : 1660158960
            },
            {
               "dataType" : 3,
               "spotCode" : "125",
               "spotName" : "上川地方北部",
               "maxRank" : "2",
               "url" : "https://tpf.weathernews.jp/sp/quake/json/202208/20220811040124.3.001.json",
               "title" : "上川地方北部",
               "quakeID" : "20220811040124",
               "quakeTime" : 1660158060
            },
            {
               "dataType" : 3,
               "spotCode" : "135",
               "spotName" : "宗谷地方北部",
               "maxRank" : "3",
               "url" : "https://tpf.weathernews.jp/sp/quake/json/202208/20220811023952.3.001.json",
               "title" : "宗谷地方北部",
               "quakeID" : "20220811023952",
               "quakeTime" : 1660153140
            },
            {
               "dataType" : 3,
               "spotCode" : "125",
               "spotName" : "上川地方北部",
               "maxRank" : "1",
               "url" : "https://tpf.weathernews.jp/sp/quake/json/202208/20220811022245.3.001.json",
               "title" : "上川地方北部",
               "quakeID" : "20220811022245",
               "quakeTime" : 1660152120
            },
            {
               "dataType" : 3,
               "spotCode" : "135",
               "spotName" : "宗谷地方北部",
               "maxRank" : "4",
               "url" : "https://tpf.weathernews.jp/sp/quake/json/202208/20220811021459.3.001.json",
               "title" : "宗谷地方北部",
               "quakeID" : "20220811021459",
               "quakeTime" : 1660151640
            },
            {
               "dataType" : 3,
               "spotCode" : "125",
               "spotName" : "上川地方北部",
               "maxRank" : "1",
               "url" : "https://tpf.weathernews.jp/sp/quake/json/202208/20220811013905.3.001.json",
               "title" : "上川地方北部",
               "quakeID" : "20220811013905",
               "quakeTime" : 1660149540
            },
            {
               "dataType" : 3,
               "spotCode" : "135",
               "spotName" : "宗谷地方北部",
               "maxRank" : "1",
               "url" : "https://tpf.weathernews.jp/sp/quake/json/202208/20220811013455.3.001.json",
               "title" : "宗谷地方北部",
               "quakeID" : "20220811013455",
               "quakeTime" : 1660149240
            },
            {
               "dataType" : 3,
               "spotCode" : "135",
               "spotName" : "宗谷地方北部",
               "maxRank" : "3",
               "url" : "https://tpf.weathernews.jp/sp/quake/json/202208/20220811010431.3.001.json",
               "title" : "宗谷地方北部",
               "quakeID" : "20220811010431",
               "quakeTime" : 1660147440
            },
            {
               "dataType" : 3,
               "spotCode" : "136",
               "spotName" : "宗谷地方南部",
               "maxRank" : "1",
               "url" : "https://tpf.weathernews.jp/sp/quake/json/202208/20220811005923.3.001.json",
               "title" : "宗谷地方南部",
               "quakeID" : "20220811005923",
               "quakeTime" : 1660147140
            },
            {
               "dataType" : 3,
               "spotCode" : "135",
               "spotName" : "宗谷地方北部",
               "maxRank" : "2",
               "url" : "https://tpf.weathernews.jp/sp/quake/json/202208/20220811005514.3.001.json",
               "title" : "宗谷地方北部",
               "quakeID" : "20220811005514",
               "quakeTime" : 1660146900
            },
            {
               "dataType" : 3,
               "spotCode" : "135",
               "spotName" : "宗谷地方北部",
               "maxRank" : "5+",
               "url" : "https://tpf.weathernews.jp/sp/quake/json/202208/20220811005302.3.001.json",
               "title" : "宗谷地方北部",
               "quakeID" : "20220811005302",
               "quakeTime" : 1660146780
            },
            {
               "dataType" : 3,
               "spotCode" : "130",
               "spotName" : "留萌地方中北部",
               "maxRank" : "1",
               "url" : "https://tpf.weathernews.jp/sp/quake/json/202208/20220811004803.3.001.json",
               "title" : "留萌地方中北部",
               "quakeID" : "20220811004803",
               "quakeTime" : 1660146480
            },
            {
               "dataType" : 3,
               "spotCode" : "125",
               "spotName" : "上川地方北部",
               "maxRank" : "1",
               "url" : "https://tpf.weathernews.jp/sp/quake/json/202208/20220811004507.3.001.json",
               "title" : "上川地方北部",
               "quakeID" : "20220811004507",
               "quakeTime" : 1660146360
            },
            {
               "dataType" : 3,
               "spotCode" : "135",
               "spotName" : "宗谷地方北部",
               "maxRank" : "5-",
               "url" : "https://tpf.weathernews.jp/sp/quake/json/202208/20220811003522.3.001.json",
               "title" : "宗谷地方北部",
               "quakeID" : "20220811003522",
               "quakeTime" : 1660145700
            }
         ]
      },
      {
         "title" : "2022年 8月10日(水)",
         "list" : [
            {
               "dataType" : 3,
               "spotCode" : "471",
               "spotName" : "茨城県沖",
               "maxRank" : "1",
               "url" : "https://tpf.weathernews.jp/sp/quake/json/202208/20220810185344.3.001.json",
               "title" : "茨城県沖",
               "quakeID" : "20220810185344",
               "quakeTime" : 1660125180
            },
            {
               "dataType" : 3,
               "spotCode" : "341",
               "spotName" : "千葉県北西部",
               "maxRank" : "1",
               "url" : "https://tpf.weathernews.jp/sp/quake/json/202208/20220810031438.3.001.json",
               "title" : "千葉県北西部",
               "quakeID" : "20220810031438",
               "quakeTime" : 1660068840
            },
            {
               "dataType" : 3,
               "spotCode" : "796",
               "spotName" : "福岡県北西沖",
               "maxRank" : "1",
               "url" : "https://tpf.weathernews.jp/sp/quake/json/202208/20220810031026.3.001.json",
               "title" : "福岡県北西沖",
               "quakeID" : "20220810031026",
               "quakeTime" : 1660068600
            },
            {
               "dataType" : 3,
               "spotCode" : "210",
               "spotName" : "岩手県沿岸北部",
               "maxRank" : "2",
               "url" : "https://tpf.weathernews.jp/sp/quake/json/202208/20220810004824.3.001.json",
               "title" : "岩手県沿岸北部",
               "quakeID" : "20220810004824",
               "quakeTime" : 1660060080
            }
         ]
      }
   ]
}
